2.4,34,,,,,,,106,,,0.5,4.528301887,,,,,,,,,
4.664150943,3,,,,,,,,,,1,2.264150943,,,,1,4.664150943,3,,,
4.805660377,2,,,,,,,4.664150943,,,2,1.132075472,,,16,1.0625,4.805660377,2,,,
4.947169811,1,,,,,,,,,,4,0.566037736,,,16,1.125,4.947169811,1,,,
5.088679245,0,,,,,,,,,,8,0.283018868,,,16,1.1875,5.088679245,0,,,
5.230188679,0,,,,,,,,,,16,0.141509434,,,16,1.25,5.230188679,0,,,
5.371698113,1,,,,,,,,,,,,,,16,1.3125,5.371698113,1,,,
5.513207547,2,,,,,,,,,,,,,,16,1.375,5.513207547,2,,,
5.654716981,3,,,,,,,,,,,,,,16,1.4375,5.654716981,3,,,
5.796226415,3,,,,,,,,,,,,,,16,1.5,5.796226415,3,,,
5.937735849,2,,,,,,,,,,,,,,16,1.5625,5.937735849,2,,,
6.079245283,1,,,,,,,,,,,,,,16,1.625,6.079245283,1,,,
6.220754717,0,,,,,,,,,,,,,,16,1.6875,6.220754717,0,,,
6.362264151,0,,,,,,,,,,,,,,16,1.75,6.362264151,0,,,
6.503773585,1,,,,,,,,,,,,,,16,1.8125,6.503773585,1,,,
6.645283019,2,,,,,,,,,,,,,,16,1.875,6.645283019,2,,,
6.786792453,3,,,,,,,,,,,,,,16,1.9375,6.786792453,3,,,
6.928301887,3,,,,,,,,,,,,,,16,2,6.928301887,3,,,
7.069811321,2,,,,,,,,,,,,,,16,2.0625,7.069811321,2,,,
7.211320755,1,,,,,,,,,,,,,,16,2.125,7.211320755,1,,,
7.352830189,0,,,,,,,,,,,,,,16,2.1875,7.352830189,0,,,
7.494339623,0,,,,,,,,,,,,,,16,2.25,7.494339623,0,,,
7.635849057,1,,,,,,,,,,,,,,16,2.3125,7.635849057,1,,,
7.777358491,2,,,,,,,,,,,,,,16,2.375,7.777358491,2,,,
7.918867925,3,,,,,,,,,,,,,,16,2.4375,7.918867925,3,,,
8.060377358,3,,,,,,,,,,,,,,16,2.5,8.060377358,3,,,
8.201886792,2,,,,,,,,,,,,,,16,2.5625,8.201886792,2,,,
8.343396226,1,,,,,,,,,,,,,,16,2.625,8.343396226,1,,,
8.48490566,0,,,,,,,,,,,,,,16,2.6875,8.48490566,0,,,
8.626415094,0,,,,,,,,,,,,,,16,2.75,8.626415094,0,,,
8.767924528,1,,,,,,,,,,,,,,16,2.8125,8.767924528,1,,,
8.909433962,2,,,,,,,,,,,,,,16,2.875,8.909433962,2,,,
9.050943396,3,,,,,,,,,,,,,,16,2.9375,9.050943396,3,,,
9.19245283,3,,,,,,,,,,,,,,16,3,9.19245283,3,,,
9.333962264,2,,,,,,,,,,,,,,16,3.0625,9.333962264,2,,,
9.475471698,1,,,,,,,,,,,,,,16,3.125,9.475471698,1,,,
9.616981132,0,,,,,,,,,,,,,,16,3.1875,9.616981132,0,,,
9.758490566,0,,,,,,,,,,,,,,16,3.25,9.758490566,0,,,
9.9,1,,,,,,,,,,,,,,16,3.3125,9.9,1,,,
10.04150943,2,,,,,,,,,,,,,,16,3.375,10.04150943,2,,,
10.18301887,3,,,,,,,,,,,,,,16,3.4375,10.18301887,3,,,
10.3245283,3,,,,,,,,,,,,,,16,3.5,10.3245283,3,,,
10.46603774,2,,,,,,,,,,,,,,16,3.5625,10.46603774,2,,,
10.60754717,1,,,,,,,,,,,,,,16,3.625,10.60754717,1,,,
10.7490566,0,,,,,,,,,,,,,,16,3.6875,10.7490566,0,,,
10.89056604,0,,,,,,,,,,,,,,16,3.75,10.89056604,0,,,
11.03207547,1,,,,,,,,,,,,,,16,3.8125,11.03207547,1,,,
11.17358491,2,,,,,,,,,,,,,,16,3.875,11.17358491,2,,,
11.31509434,3,,,,,,,,,,,,,,16,3.9375,11.31509434,3,,,
11.45660377,3,,,,,,,,,,,,,,16,4,11.45660377,3,,,
11.59811321,2,,,,,,,,,,,,,,16,4.0625,11.59811321,2,,,
11.73962264,1,,,,,,,,,,,,,,16,4.125,11.73962264,1,,,
11.88113208,0,,,,,,,,,,,,,,16,4.1875,11.88113208,0,,,
12.02264151,0,,,,,,,,,,,,,,16,4.25,12.02264151,0,,,
12.16415094,1,,,,,,,,,,,,,,16,4.3125,12.16415094,1,,,
12.30566038,2,,,,,,,,,,,,,,16,4.375,12.30566038,2,,,
12.44716981,3,,,,,,,,,,,,,,16,4.4375,12.44716981,3,,,
12.58867925,3,,,,,,,,,,,,,,16,4.5,12.58867925,3,,,
12.73018868,2,,,,,,,,,,,,,,16,4.5625,12.73018868,2,,,
12.87169811,1,,,,,,,,,,,,,,16,4.625,12.87169811,1,,,
13.01320755,0,,,,,,,,,,,,,,16,4.6875,13.01320755,0,,,
13.15471698,0,,,,,,,,,,,,,,16,4.75,13.15471698,0,,,
13.29622642,1,,,,,,,,,,,,,,16,4.8125,13.29622642,1,,,
13.43773585,2,,,,,,,,,,,,,,16,4.875,13.43773585,2,,,
13.57924528,3,,,,,,,,,,,,,,16,4.9375,13.57924528,3,,,
13.72075472,3,0,,,,,,,,,,,,,16,5,13.72075472,3,0,,
13.86226415,3,,,,,,,,,,,,,,16,5.0625,13.86226415,3,,,
14.00377358,3,,,,,,,,,,,,,,16,5.125,14.00377358,3,,,
14.14528302,3,,,,,,,,,,,,,,16,5.1875,14.14528302,3,,,
14.28679245,0,3,,,,,,,,,,,,,16,5.25,14.28679245,0,3,,
14.42830189,0,,,,,,,,,,,,,,16,5.3125,14.42830189,0,,,
14.56981132,0,,,,,,,,,,,,,,16,5.375,14.56981132,0,,,
14.71132075,0,,,,,,,,,,,,,,16,5.4375,14.71132075,0,,,
14.85283019,2,1,,,,,,,,,,,,,16,5.5,14.85283019,2,1,,
14.99433962,2,,,,,,,,,,,,,,16,5.5625,14.99433962,2,,,
15.13584906,2,,,,,,,,,,,,,,16,5.625,15.13584906,2,,,
15.27735849,2,,,,,,,,,,,,,,16,5.6875,15.27735849,2,,,
15.41886792,1,2,,,,,,,,,,,,,16,5.75,15.41886792,1,2,,
15.56037736,1,,,,,,,,,,,,,,16,5.8125,15.56037736,1,,,
15.70188679,1,,,,,,,,,,,,,,16,5.875,15.70188679,1,,,
15.84339623,1,,,,,,,,,,,,,,16,5.9375,15.84339623,1,,,
15.98490566,3,0,,,,,,,,,,,,,16,6,15.98490566,3,0,,
16.12641509,3,,,,,,,,,,,,,,16,6.0625,16.12641509,3,,,
16.26792453,3,,,,,,,,,,,,,,16,6.125,16.26792453,3,,,
16.40943396,3,,,,,,,,,,,,,,16,6.1875,16.40943396,3,,,
16.5509434,0,3,,,,,,,,,,,,,16,6.25,16.5509434,0,3,,
16.69245283,0,,,,,,,,,,,,,,16,6.3125,16.69245283,0,,,
16.83396226,0,,,,,,,,,,,,,,16,6.375,16.83396226,0,,,
16.9754717,0,,,,,,,,,,,,,,16,6.4375,16.9754717,0,,,
17.11698113,2,1,,,,,,,,,,,,,16,6.5,17.11698113,2,1,,
17.25849057,2,,,,,,,,,,,,,,16,6.5625,17.25849057,2,,,
17.4,2,,,,,,,,,,,,,,16,6.625,17.4,2,,,
17.54150943,2,,,,,,,,,,,,,,16,6.6875,17.54150943,2,,,
17.68301887,1,2,,,,,,,,,,,,,16,6.75,17.68301887,1,2,,
17.8245283,1,,,,,,,,,,,,,,16,6.8125,17.8245283,1,,,
17.96603774,1,,,,,,,,,,,,,,16,6.875,17.96603774,1,,,
18.10754717,1,,,,,,,,,,,,,,16,6.9375,18.10754717,1,,,
18.2490566,3,0,,,,,,,,,,,,,16,7,18.2490566,3,0,,
18.39056604,3,,,,,,,,,,,,,,16,7.0625,18.39056604,3,,,
18.53207547,3,,,,,,,,,,,,,,16,7.125,18.53207547,3,,,
18.67358491,3,,,,,,,,,,,,,,16,7.1875,18.67358491,3,,,
18.81509434,0,3,,,,,,,,,,,,,16,7.25,18.81509434,0,3,,
18.95660377,0,,,,,,,,,,,,,,16,7.3125,18.95660377,0,,,
19.09811321,0,,,,,,,,,,,,,,16,7.375,19.09811321,0,,,
19.23962264,0,,,,,,,,,,,,,,16,7.4375,19.23962264,0,,,
19.38113208,2,1,,,,,,,,,,,,,16,7.5,19.38113208,2,1,,
19.52264151,2,,,,,,,,,,,,,,16,7.5625,19.52264151,2,,,
19.66415094,2,,,,,,,,,,,,,,16,7.625,19.66415094,2,,,
19.80566038,2,,,,,,,,,,,,,,16,7.6875,19.80566038,2,,,
19.94716981,1,2,,,,,,,,,,,,,16,7.75,19.94716981,1,2,,
20.08867925,1,,,,,,,,,,,,,,16,7.8125,20.08867925,1,,,
20.23018868,1,,,,,,,,,,,,,,16,7.875,20.23018868,1,,,
20.37169811,1,,,,,,,,,,,,,,16,7.9375,20.37169811,1,,,
20.51320755,3,0,,,,,,,,,,,,,16,8,20.51320755,3,0,,
20.65471698,3,,,,,,,,,,,,,,16,8.0625,20.65471698,3,,,
20.79622642,3,,,,,,,,,,,,,,16,8.125,20.79622642,3,,,
20.93773585,3,,,,,,,,,,,,,,16,8.1875,20.93773585,3,,,
21.07924528,0,3,,,,,,,,,,,,,16,8.25,21.07924528,0,3,,
21.22075472,0,,,,,,,,,,,,,,16,8.3125,21.22075472,0,,,
21.36226415,0,,,,,,,,,,,,,,16,8.375,21.36226415,0,,,
21.50377358,0,,,,,,,,,,,,,,16,8.4375,21.50377358,0,,,
21.64528302,2,1,,,,,,,,,,,,,16,8.5,21.64528302,2,1,,
21.78679245,2,,,,,,,,,,,,,,16,8.5625,21.78679245,2,,,
21.92830189,2,,,,,,,,,,,,,,16,8.625,21.92830189,2,,,
22.06981132,2,,,,,,,,,,,,,,16,8.6875,22.06981132,2,,,
22.21132075,1,2,,,,,,,,,,,,,16,8.75,22.21132075,1,2,,
22.35283019,1,,,,,,,,,,,,,,16,8.8125,22.35283019,1,,,
22.49433962,1,,,,,,,,,,,,,,16,8.875,22.49433962,1,,,
22.63584906,1,,,,,,,,,,,,,,16,8.9375,22.63584906,1,,,
22.77735849,1,,,,,,,,,,,,,,16,9,22.77735849,1,,,
22.91886792,0,,,,,,,,,,,,,,16,9.0625,22.91886792,0,,,
23.06037736,3,,,,,,,,,,,,,,16,9.125,23.06037736,3,,,
23.20188679,2,,,,,,,,,,,,,,16,9.1875,23.20188679,2,,,
23.34339623,2,,,,,,,,,,,,,,16,9.25,23.34339623,2,,,
23.48490566,3,,,,,,,,,,,,,,16,9.3125,23.48490566,3,,,
23.62641509,0,,,,,,,,,,,,,,16,9.375,23.62641509,0,,,
23.76792453,1,,,,,,,,,,,,,,16,9.4375,23.76792453,1,,,
23.90943396,1,,,,,,,,,,,,,,16,9.5,23.90943396,1,,,
24.0509434,0,,,,,,,,,,,,,,16,9.5625,24.0509434,0,,,
24.19245283,3,,,,,,,,,,,,,,16,9.625,24.19245283,3,,,
24.33396226,2,,,,,,,,,,,,,,16,9.6875,24.33396226,2,,,
24.4754717,2,,,,,,,,,,,,,,16,9.75,24.4754717,2,,,
24.61698113,3,,,,,,,,,,,,,,16,9.8125,24.61698113,3,,,
24.75849057,0,,,,,,,,,,,,,,16,9.875,24.75849057,0,,,
24.9,1,,,,,,,,,,,,,,16,9.9375,24.9,1,,,
25.04150943,1,,,,,,,,,,,,,,16,10,25.04150943,1,,,
25.18301887,0,,,,,,,,,,,,,,16,10.0625,25.18301887,0,,,
25.3245283,3,,,,,,,,,,,,,,16,10.125,25.3245283,3,,,
25.46603774,2,,,,,,,,,,,,,,16,10.1875,25.46603774,2,,,
25.60754717,2,,,,,,,,,,,,,,16,10.25,25.60754717,2,,,
25.7490566,3,,,,,,,,,,,,,,16,10.3125,25.7490566,3,,,
25.89056604,0,,,,,,,,,,,,,,16,10.375,25.89056604,0,,,
26.03207547,1,,,,,,,,,,,,,,16,10.4375,26.03207547,1,,,
26.17358491,1,,,,,,,,,,,,,,16,10.5,26.17358491,1,,,
26.31509434,0,,,,,,,,,,,,,,16,10.5625,26.31509434,0,,,
26.45660377,3,,,,,,,,,,,,,,16,10.625,26.45660377,3,,,
26.59811321,2,,,,,,,,,,,,,,16,10.6875,26.59811321,2,,,
26.73962264,2,,,,,,,,,,,,,,16,10.75,26.73962264,2,,,
26.88113208,3,,,,,,,,,,,,,,16,10.8125,26.88113208,3,,,
27.02264151,0,,,,,,,,,,,,,,16,10.875,27.02264151,0,,,
27.16415094,1,,,,,,,,,,,,,,16,10.9375,27.16415094,1,,,
27.30566038,1,,,,,,,,,,,,,,16,11,27.30566038,1,,,
27.44716981,0,,,,,,,,,,,,,,16,11.0625,27.44716981,0,,,
27.58867925,3,,,,,,,,,,,,,,16,11.125,27.58867925,3,,,
27.73018868,2,,,,,,,,,,,,,,16,11.1875,27.73018868,2,,,
27.87169811,2,,,,,,,,,,,,,,16,11.25,27.87169811,2,,,
28.01320755,3,,,,,,,,,,,,,,16,11.3125,28.01320755,3,,,
28.15471698,0,,,,,,,,,,,,,,16,11.375,28.15471698,0,,,
28.29622642,1,,,,,,,,,,,,,,16,11.4375,28.29622642,1,,,
28.43773585,1,,,,,,,,,,,,,,16,11.5,28.43773585,1,,,
28.57924528,0,,,,,,,,,,,,,,16,11.5625,28.57924528,0,,,
28.72075472,3,,,,,,,,,,,,,,16,11.625,28.72075472,3,,,
28.86226415,2,,,,,,,,,,,,,,16,11.6875,28.86226415,2,,,
29.00377358,2,,,,,,,,,,,,,,16,11.75,29.00377358,2,,,
29.14528302,3,,,,,,,,,,,,,,16,11.8125,29.14528302,3,,,
29.28679245,0,,,,,,,,,,,,,,16,11.875,29.28679245,0,,,
29.42830189,1,,,,,,,,,,,,,,16,11.9375,29.42830189,1,,,
29.56981132,1,,,,,,,,,,,,,,16,12,29.56981132,1,,,
29.71132075,0,,,,,,,,,,,,,,16,12.0625,29.71132075,0,,,
29.85283019,3,,,,,,,,,,,,,,16,12.125,29.85283019,3,,,
29.99433962,2,,,,,,,,,,,,,,16,12.1875,29.99433962,2,,,
30.13584906,2,,,,,,,,,,,,,,16,12.25,30.13584906,2,,,
30.27735849,3,,,,,,,,,,,,,,16,12.3125,30.27735849,3,,,
30.41886792,0,,,,,,,,,,,,,,16,12.375,30.41886792,0,,,
30.56037736,1,,,,,,,,,,,,,,16,12.4375,30.56037736,1,,,
30.70188679,1,,,,,,,,,,,,,,16,12.5,30.70188679,1,,,
30.84339623,0,,,,,,,,,,,,,,16,12.5625,30.84339623,0,,,
30.98490566,3,,,,,,,,,,,,,,16,12.625,30.98490566,3,,,
31.12641509,2,,,,,,,,,,,,,,16,12.6875,31.12641509,2,,,
31.26792453,2,,,,,,,,,,,,,,16,12.75,31.26792453,2,,,
31.40943396,3,,,,,,,,,,,,,,16,12.8125,31.40943396,3,,,
31.5509434,0,,,,,,,,,,,,,,16,12.875,31.5509434,0,,,
31.69245283,1,,,,,,,,,,,,,,16,12.9375,31.69245283,1,,,
31.83396226,0,3,,,,,,,,,,,,,16,13,31.83396226,0,3,,
31.9754717,2,,,,,,,,,,,,,,16,13.0625,31.9754717,2,,,
32.11698113,1,,,,,,,,,,,,,,16,13.125,32.11698113,1,,,
32.25849057,2,,,,,,,,,,,,,,16,13.1875,32.25849057,2,,,
32.4,0,3,,,,,,,,,,,,,16,13.25,32.4,0,3,,
32.54150943,1,,,,,,,,,,,,,,16,13.3125,32.54150943,1,,,
32.68301887,2,,,,,,,,,,,,,,16,13.375,32.68301887,2,,,
32.8245283,1,,,,,,,,,,,,,,16,13.4375,32.8245283,1,,,
32.96603774,0,3,,,,,,,,,,,,,16,13.5,32.96603774,0,3,,
33.10754717,2,,,,,,,,,,,,,,16,13.5625,33.10754717,2,,,
33.2490566,1,,,,,,,,,,,,,,16,13.625,33.2490566,1,,,
33.39056604,2,,,,,,,,,,,,,,16,13.6875,33.39056604,2,,,
33.53207547,0,3,,,,,,,,,,,,,16,13.75,33.53207547,0,3,,
33.67358491,1,,,,,,,,,,,,,,16,13.8125,33.67358491,1,,,
33.81509434,2,,,,,,,,,,,,,,16,13.875,33.81509434,2,,,
33.95660377,1,,,,,,,,,,,,,,16,13.9375,33.95660377,1,,,
34.09811321,0,3,,,,,,,,,,,,,16,14,34.09811321,0,3,,
34.23962264,2,,,,,,,,,,,,,,16,14.0625,34.23962264,2,,,
34.38113208,1,,,,,,,,,,,,,,16,14.125,34.38113208,1,,,
34.52264151,2,,,,,,,,,,,,,,16,14.1875,34.52264151,2,,,
34.66415094,0,3,,,,,,,,,,,,,16,14.25,34.66415094,0,3,,
34.80566038,1,,,,,,,,,,,,,,16,14.3125,34.80566038,1,,,
34.94716981,2,,,,,,,,,,,,,,16,14.375,34.94716981,2,,,
35.08867925,1,,,,,,,,,,,,,,16,14.4375,35.08867925,1,,,
35.23018868,0,3,,,,,,,,,,,,,16,14.5,35.23018868,0,3,,
35.37169811,2,,,,,,,,,,,,,,16,14.5625,35.37169811,2,,,
35.51320755,1,,,,,,,,,,,,,,16,14.625,35.51320755,1,,,
35.65471698,2,,,,,,,,,,,,,,16,14.6875,35.65471698,2,,,
35.79622642,0,3,,,,,,,,,,,,,16,14.75,35.79622642,0,3,,
35.93773585,1,,,,,,,,,,,,,,16,14.8125,35.93773585,1,,,
36.07924528,2,,,,,,,,,,,,,,16,14.875,36.07924528,2,,,
36.22075472,1,,,,,,,,,,,,,,16,14.9375,36.22075472,1,,,
36.36226415,1,2,,,,,,,,,,,,,16,15,36.36226415,1,2,,
36.50377358,3,,,,,,,,,,,,,,16,15.0625,36.50377358,3,,,
36.64528302,0,,,,,,,,,,,,,,16,15.125,36.64528302,0,,,
36.78679245,3,,,,,,,,,,,,,,16,15.1875,36.78679245,3,,,
36.92830189,1,2,,,,,,,,,,,,,16,15.25,36.92830189,1,2,,
37.06981132,0,,,,,,,,,,,,,,16,15.3125,37.06981132,0,,,
37.21132075,3,,,,,,,,,,,,,,16,15.375,37.21132075,3,,,
37.35283019,0,,,,,,,,,,,,,,16,15.4375,37.35283019,0,,,
37.49433962,1,2,,,,,,,,,,,,,16,15.5,37.49433962,1,2,,
37.63584906,3,,,,,,,,,,,,,,16,15.5625,37.63584906,3,,,
37.77735849,0,,,,,,,,,,,,,,16,15.625,37.77735849,0,,,
37.91886792,3,,,,,,,,,,,,,,16,15.6875,37.91886792,3,,,
38.06037736,1,2,,,,,,,,,,,,,16,15.75,38.06037736,1,2,,
38.20188679,0,,,,,,,,,,,,,,16,15.8125,38.20188679,0,,,
38.34339623,3,,,,,,,,,,,,,,16,15.875,38.34339623,3,,,
38.48490566,0,,,,,,,,,,,,,,16,15.9375,38.48490566,0,,,
38.62641509,1,2,,,,,,,,,,,,,16,16,38.62641509,1,2,,
38.76792453,3,,,,,,,,,,,,,,16,16.0625,38.76792453,3,,,
38.90943396,0,,,,,,,,,,,,,,16,16.125,38.90943396,0,,,
39.0509434,3,,,,,,,,,,,,,,16,16.1875,39.0509434,3,,,
39.19245283,1,2,,,,,,,,,,,,,16,16.25,39.19245283,1,2,,
39.33396226,0,,,,,,,,,,,,,,16,16.3125,39.33396226,0,,,
39.4754717,3,,,,,,,,,,,,,,16,16.375,39.4754717,3,,,
39.61698113,0,,,,,,,,,,,,,,16,16.4375,39.61698113,0,,,
39.75849057,1,2,,,,,,,,,,,,,16,16.5,39.75849057,1,2,,
39.9,3,,,,,,,,,,,,,,16,16.5625,39.9,3,,,
40.04150943,0,,,,,,,,,,,,,,16,16.625,40.04150943,0,,,
40.18301887,3,,,,,,,,,,,,,,16,16.6875,40.18301887,3,,,
40.3245283,1,2,,,,,,,,,,,,,16,16.75,40.3245283,1,2,,
40.46603774,0,,,,,,,,,,,,,,16,16.8125,40.46603774,0,,,
40.60754717,3,,,,,,,,,,,,,,16,16.875,40.60754717,3,,,
40.7490566,0,,,,,,,,,,,,,,16,16.9375,40.7490566,0,,,
40.89056604,3,,,,,,,,,,,,,,16,17,40.89056604,3,,,
41.03207547,2,,,,,,,,,,,,,,16,17.0625,41.03207547,2,,,
41.17358491,1,,,,,,,,,,,,,,16,17.125,41.17358491,1,,,
41.31509434,0,,,,,,,,,,,,,,16,17.1875,41.31509434,0,,,
41.45660377,1,,,,,,,,,,,,,,16,17.25,41.45660377,1,,,
41.59811321,2,,,,,,,,,,,,,,16,17.3125,41.59811321,2,,,
41.73962264,3,,,,,,,,,,,,,,16,17.375,41.73962264,3,,,
41.88113208,2,,,,,,,,,,,,,,16,17.4375,41.88113208,2,,,
42.02264151,1,,,,,,,,,,,,,,16,17.5,42.02264151,1,,,
42.16415094,0,,,,,,,,,,,,,,16,17.5625,42.16415094,0,,,
42.30566038,1,,,,,,,,,,,,,,16,17.625,42.30566038,1,,,
42.44716981,2,,,,,,,,,,,,,,16,17.6875,42.44716981,2,,,
42.58867925,3,,,,,,,,,,,,,,16,17.75,42.58867925,3,,,
42.73018868,2,,,,,,,,,,,,,,16,17.8125,42.73018868,2,,,
42.87169811,1,,,,,,,,,,,,,,16,17.875,42.87169811,1,,,
43.01320755,0,,,,,,,,,,,,,,16,17.9375,43.01320755,0,,,
43.15471698,1,,,,,,,,,,,,,,16,18,43.15471698,1,,,
43.29622642,2,,,,,,,,,,,,,,16,18.0625,43.29622642,2,,,
43.43773585,3,,,,,,,,,,,,,,16,18.125,43.43773585,3,,,
43.57924528,2,,,,,,,,,,,,,,16,18.1875,43.57924528,2,,,
43.72075472,1,,,,,,,,,,,,,,16,18.25,43.72075472,1,,,
43.86226415,0,,,,,,,,,,,,,,16,18.3125,43.86226415,0,,,
44.00377358,1,,,,,,,,,,,,,,16,18.375,44.00377358,1,,,
44.14528302,2,,,,,,,,,,,,,,16,18.4375,44.14528302,2,,,
44.28679245,3,,,,,,,,,,,,,,16,18.5,44.28679245,3,,,
44.42830189,2,,,,,,,,,,,,,,16,18.5625,44.42830189,2,,,
44.56981132,1,,,,,,,,,,,,,,16,18.625,44.56981132,1,,,
44.71132075,0,,,,,,,,,,,,,,16,18.6875,44.71132075,0,,,
44.85283019,1,,,,,,,,,,,,,,16,18.75,44.85283019,1,,,
44.99433962,2,,,,,,,,,,,,,,16,18.8125,44.99433962,2,,,
45.13584906,3,,,,,,,,,,,,,,16,18.875,45.13584906,3,,,
45.27735849,2,,,,,,,,,,,,,,16,18.9375,45.27735849,2,,,
45.41886792,1,,,,,,,,,,,,,,16,19,45.41886792,1,,,
45.56037736,0,,,,,,,,,,,,,,16,19.0625,45.56037736,0,,,
45.70188679,1,,,,,,,,,,,,,,16,19.125,45.70188679,1,,,
45.84339623,2,,,,,,,,,,,,,,16,19.1875,45.84339623,2,,,
45.98490566,3,,,,,,,,,,,,,,16,19.25,45.98490566,3,,,
46.12641509,2,,,,,,,,,,,,,,16,19.3125,46.12641509,2,,,
46.26792453,1,,,,,,,,,,,,,,16,19.375,46.26792453,1,,,
46.40943396,0,,,,,,,,,,,,,,16,19.4375,46.40943396,0,,,
46.5509434,1,,,,,,,,,,,,,,16,19.5,46.5509434,1,,,
46.69245283,2,,,,,,,,,,,,,,16,19.5625,46.69245283,2,,,
46.83396226,3,,,,,,,,,,,,,,16,19.625,46.83396226,3,,,
46.9754717,2,,,,,,,,,,,,,,16,19.6875,46.9754717,2,,,
47.11698113,1,,,,,,,,,,,,,,16,19.75,47.11698113,1,,,
47.25849057,0,,,,,,,,,,,,,,16,19.8125,47.25849057,0,,,
47.4,1,,,,,,,,,,,,,,16,19.875,47.4,1,,,
47.54150943,2,,,,,,,,,,,,,,16,19.9375,47.54150943,2,,,
47.68301887,3,,,,,,,,,,,,,,16,20,47.68301887,3,,,
47.8245283,2,,,,,,,,,,,,,,16,20.0625,47.8245283,2,,,
47.96603774,1,,,,,,,,,,,,,,16,20.125,47.96603774,1,,,
48.10754717,0,,,,,,,,,,,,,,16,20.1875,48.10754717,0,,,
48.2490566,1,,,,,,,,,,,,,,16,20.25,48.2490566,1,,,
48.39056604,2,,,,,,,,,,,,,,16,20.3125,48.39056604,2,,,
48.53207547,3,,,,,,,,,,,,,,16,20.375,48.53207547,3,,,
48.67358491,2,,,,,,,,,,,,,,16,20.4375,48.67358491,2,,,
48.81509434,1,,,,,,,,,,,,,,16,20.5,48.81509434,1,,,
48.95660377,0,,,,,,,,,,,,,,16,20.5625,48.95660377,0,,,
49.09811321,1,,,,,,,,,,,,,,16,20.625,49.09811321,1,,,
49.23962264,2,,,,,,,,,,,,,,16,20.6875,49.23962264,2,,,
49.38113208,3,,,,,,,,,,,,,,16,20.75,49.38113208,3,,,
49.52264151,2,,,,,,,,,,,,,,16,20.8125,49.52264151,2,,,
49.66415094,1,,,,,,,,,,,,,,16,20.875,49.66415094,1,,,
49.80566038,0,,,,,,,,,,,,,,16,20.9375,49.80566038,0,,,
49.94716981,0,3,,,,,,,,,,,,,16,21,49.94716981,1,4,0,3
50.08867925,1,,,,,,,,,,,,,,16,21.0625,50.08867925,2,,1,
50.23018868,0,,,,,,,,,,,,,,16,21.125,50.23018868,1,,0,
50.37169811,3,,,,,,,,,,,,,,16,21.1875,50.37169811,4,,3,
50.51320755,2,,,,,,,,,,,,,,16,21.25,50.51320755,3,,2,
50.65471698,1,,,,,,,,,,,,,,16,21.3125,50.65471698,2,,1,
50.79622642,0,,,,,,,,,,,,,,16,21.375,50.79622642,1,,0,
50.93773585,1,,,,,,,,,,,,,,16,21.4375,50.93773585,2,,1,
51.07924528,2,,,,,,,,,,,,,,16,21.5,51.07924528,3,,2,
51.22075472,0,,,,,,,,,,,,,,16,21.5625,51.22075472,1,,0,
51.36226415,3,,,,,,,,,,,,,,16,21.625,51.36226415,4,,3,
51.50377358,1,,,,,,,,,,,,,,16,21.6875,51.50377358,2,,1,
51.64528302,0,,,,,,,,,,,,,,16,21.75,51.64528302,1,,0,
51.78679245,3,,,,,,,,,,,,,,16,21.8125,51.78679245,4,,3,
51.92830189,0,,,,,,,,,,,,,,16,21.875,51.92830189,1,,0,
52.06981132,3,,,,,,,,,,,,,,16,21.9375,52.06981132,4,,3,
52.21132075,2,0,,,,,,,,,,,,,16,22,52.21132075,3,1,2,0
52.35283019,1,,,,,,,,,,,,,,16,22.0625,52.35283019,2,,1,
52.49433962,3,,,,,,,,,,,,,,16,22.125,52.49433962,4,,3,
52.63584906,1,,,,,,,,,,,,,,16,22.1875,52.63584906,2,,1,
52.77735849,0,,,,,,,,,,,,,,16,22.25,52.77735849,1,,0,
52.91886792,1,,,,,,,,,,,,,,16,22.3125,52.91886792,2,,1,
53.06037736,2,,,,,,,,,,,,,,16,22.375,53.06037736,3,,2,
53.20188679,3,,,,,,,,,,,,,,16,22.4375,53.20188679,4,,3,
53.34339623,0,,,,,,,,,,,,,,16,22.5,53.34339623,1,,0,
53.48490566,1,,,,,,,,,,,,,,16,22.5625,53.48490566,2,,1,
53.62641509,3,,,,,,,,,,,,,,16,22.625,53.62641509,4,,3,
53.76792453,2,,,,,,,,,,,,,,16,22.6875,53.76792453,3,,2,
53.90943396,1,,,,,,,,,,,,,,16,22.75,53.90943396,2,,1,
54.0509434,3,,,,,,,,,,,,,,16,22.8125,54.0509434,4,,3,
54.19245283,0,,,,,,,,,,,,,,16,22.875,54.19245283,1,,0,
54.33396226,1,,,,,,,,,,,,,,16,22.9375,54.33396226,2,,1,
54.4754717,2,0,,,,,,,,,,,,,16,23,54.4754717,3,1,2,0
54.61698113,3,,,,,,,,,,,,,,16,23.0625,54.61698113,4,,3,
54.75849057,0,,,,,,,,,,,,,,16,23.125,54.75849057,1,,0,
54.9,3,,,,,,,,,,,,,,16,23.1875,54.9,4,,3,
55.04150943,1,,,,,,,,,,,,,,16,23.25,55.04150943,2,,1,
55.18301887,3,,,,,,,,,,,,,,16,23.3125,55.18301887,4,,3,
55.3245283,1,,,,,,,,,,,,,,16,23.375,55.3245283,2,,1,
55.46603774,0,,,,,,,,,,,,,,16,23.4375,55.46603774,1,,0,
55.60754717,2,,,,,,,,,,,,,,16,23.5,55.60754717,3,,2,
55.7490566,0,,,,,,,,,,,,,,16,23.5625,55.7490566,1,,0,
55.89056604,2,,,,,,,,,,,,,,16,23.625,55.89056604,3,,2,
56.03207547,3,,,,,,,,,,,,,,16,23.6875,56.03207547,4,,3,
56.17358491,1,,,,,,,,,,,,,,16,23.75,56.17358491,2,,1,
56.31509434,3,,,,,,,,,,,,,,16,23.8125,56.31509434,4,,3,
56.45660377,1,,,,,,,,,,,,,,16,23.875,56.45660377,2,,1,
56.59811321,2,,,,,,,,,,,,,,16,23.9375,56.59811321,3,,2,
56.73962264,3,0,,,,,,,,,,,,,16,24,56.73962264,4,1,3,0
56.88113208,1,,,,,,,,,,,,,,16,24.0625,56.88113208,2,,1,
57.02264151,2,,,,,,,,,,,,,,16,24.125,57.02264151,3,,2,
57.16415094,0,,,,,,,,,,,,,,16,24.1875,57.16415094,1,,0,
57.30566038,3,,,,,,,,,,,,,,16,24.25,57.30566038,4,,3,
57.44716981,1,,,,,,,,,,,,,,16,24.3125,57.44716981,2,,1,
57.58867925,3,,,,,,,,,,,,,,16,24.375,57.58867925,4,,3,
57.73018868,0,,,,,,,,,,,,,,16,24.4375,57.73018868,1,,0,
57.87169811,3,,,,,,,,,,,,,,16,24.5,57.87169811,4,,3,
58.01320755,1,,,,,,,,,,,,,,16,24.5625,58.01320755,2,,1,
58.15471698,3,,,,,,,,,,,,,,16,24.625,58.15471698,4,,3,
58.29622642,1,,,,,,,,,,,,,,16,24.6875,58.29622642,2,,1,
58.43773585,2,,,,,,,,,,,,,,16,24.75,58.43773585,3,,2,
58.57924528,3,,,,,,,,,,,,,,16,24.8125,58.57924528,4,,3,
58.72075472,1,,,,,,,,,,,,,,16,24.875,58.72075472,2,,1,
58.86226415,0,,,,,,,,,,,,,,16,24.9375,58.86226415,1,,0,
59.00377358,1,3,,,,,,,,,,,,,16,25,59.00377358,2,4,1,3
59.14528302,2,,,,,,,,,,,,,,16,25.0625,59.14528302,3,,2,
59.28679245,3,,,,,,,,,,,,,,16,25.125,59.28679245,4,,3,
59.42830189,0,,,,,,,,,,,,,,16,25.1875,59.42830189,1,,0,
59.56981132,3,,,,,,,,,,,,,,16,25.25,59.56981132,4,,3,
59.71132075,2,,,,,,,,,,,,,,16,25.3125,59.71132075,3,,2,
59.85283019,0,,,,,,,,,,,,,,16,25.375,59.85283019,1,,0,
59.99433962,3,,,,,,,,,,,,,,16,25.4375,59.99433962,4,,3,
60.13584906,1,,,,,,,,,,,,,,16,25.5,60.13584906,2,,1,
60.27735849,2,,,,,,,,,,,,,,16,25.5625,60.27735849,3,,2,
60.41886792,3,,,,,,,,,,,,,,16,25.625,60.41886792,4,,3,
60.56037736,0,,,,,,,,,,,,,,16,25.6875,60.56037736,1,,0,
60.70188679,1,,,,,,,,,,,,,,16,25.75,60.70188679,2,,1,
60.84339623,2,,,,,,,,,,,,,,16,25.8125,60.84339623,3,,2,
60.98490566,3,,,,,,,,,,,,,,16,25.875,60.98490566,4,,3,
61.12641509,0,,,,,,,,,,,,,,16,25.9375,61.12641509,1,,0,
61.26792453,3,1,,,,,,,,,,,,,16,26,61.26792453,4,2,3,1
61.40943396,2,,,,,,,,,,,,,,16,26.0625,61.40943396,3,,2,
61.5509434,1,,,,,,,,,,,,,,16,26.125,61.5509434,2,,1,
61.69245283,3,,,,,,,,,,,,,,16,26.1875,61.69245283,4,,3,
61.83396226,1,,,,,,,,,,,,,,16,26.25,61.83396226,2,,1,
61.9754717,0,,,,,,,,,,,,,,16,26.3125,61.9754717,1,,0,
62.11698113,2,,,,,,,,,,,,,,16,26.375,62.11698113,3,,2,
62.25849057,0,,,,,,,,,,,,,,16,26.4375,62.25849057,1,,0,
62.4,2,,,,,,,,,,,,,,16,26.5,62.4,3,,2,
62.54150943,3,,,,,,,,,,,,,,16,26.5625,62.54150943,4,,3,
62.68301887,1,,,,,,,,,,,,,,16,26.625,62.68301887,2,,1,
62.8245283,3,,,,,,,,,,,,,,16,26.6875,62.8245283,4,,3,
62.96603774,1,,,,,,,,,,,,,,16,26.75,62.96603774,2,,1,
63.10754717,0,,,,,,,,,,,,,,16,26.8125,63.10754717,1,,0,
63.2490566,2,,,,,,,,,,,,,,16,26.875,63.2490566,3,,2,
63.39056604,3,,,,,,,,,,,,,,16,26.9375,63.39056604,4,,3,
63.53207547,1,2,,,,,,,,,,,,,16,27,63.53207547,2,3,1,2
63.67358491,0,,,,,,,,,,,,,,16,27.0625,63.67358491,1,,0,
63.81509434,3,,,,,,,,,,,,,,16,27.125,63.81509434,4,,3,
63.95660377,1,,,,,,,,,,,,,,16,27.1875,63.95660377,2,,1,
64.09811321,2,,,,,,,,,,,,,,16,27.25,64.09811321,3,,2,
64.23962264,3,,,,,,,,,,,,,,16,27.3125,64.23962264,4,,3,
64.38113208,0,,,,,,,,,,,,,,16,27.375,64.38113208,1,,0,
64.52264151,1,,,,,,,,,,,,,,16,27.4375,64.52264151,2,,1,
64.66415094,2,,,,,,,,,,,,,,16,27.5,64.66415094,3,,2,
64.80566038,3,,,,,,,,,,,,,,16,27.5625,64.80566038,4,,3,
64.94716981,0,,,,,,,,,,,,,,16,27.625,64.94716981,1,,0,
65.08867925,3,,,,,,,,,,,,,,16,27.6875,65.08867925,4,,3,
65.23018868,2,,,,,,,,,,,,,,16,27.75,65.23018868,3,,2,
65.37169811,3,,,,,,,,,,,,,,16,27.8125,65.37169811,4,,3,
65.51320755,2,,,,,,,,,,,,,,16,27.875,65.51320755,3,,2,
65.65471698,1,,,,,,,,,,,,,,16,27.9375,65.65471698,2,,1,
65.79622642,3,0,,,,,,,,,,,,,16,28,65.79622642,4,1,3,0
65.93773585,2,,,,,,,,,,,,,,16,28.0625,65.93773585,3,,2,
66.07924528,3,,,,,,,,,,,,,,16,28.125,66.07924528,4,,3,
66.22075472,2,,,,,,,,,,,,,,16,28.1875,66.22075472,3,,2,
66.36226415,1,,,,,,,,,,,,,,16,28.25,66.36226415,2,,1,
66.50377358,0,,,,,,,,,,,,,,16,28.3125,66.50377358,1,,0,
66.64528302,1,,,,,,,,,,,,,,16,28.375,66.64528302,2,,1,
66.78679245,0,,,,,,,,,,,,,,16,28.4375,66.78679245,1,,0,
66.92830189,1,,,,,,,,,,,,,,16,28.5,66.92830189,2,,1,
67.06981132,2,,,,,,,,,,,,,,16,28.5625,67.06981132,3,,2,
67.21132075,3,,,,,,,,,,,,,,16,28.625,67.21132075,4,,3,
67.35283019,2,,,,,,,,,,,,,,16,28.6875,67.35283019,3,,2,
67.49433962,3,,,,,,,,,,,,,,16,28.75,67.49433962,4,,3,
67.63584906,0,,,,,,,,,,,,,,16,28.8125,67.63584906,1,,0,
67.77735849,2,,,,,,,,,,,,,,16,28.875,67.77735849,3,,2,
67.91886792,3,,,,,,,,,,,,,,16,28.9375,67.91886792,4,,3,
68.06037736,2,0,,,,,,,,,,,,,16,29,68.06037736,3,1,2,0
68.20188679,1,,,,,,,,,,,,,,16,29.0625,68.20188679,2,,1,
68.34339623,0,,,,,,,,,,,,,,16,29.125,68.34339623,1,,0,
68.48490566,1,,,,,,,,,,,,,,16,29.1875,68.48490566,2,,1,
68.62641509,2,,,,,,,,,,,,,,16,29.25,68.62641509,3,,2,
68.76792453,3,,,,,,,,,,,,,,16,29.3125,68.76792453,4,,3,
68.90943396,2,,,,,,,,,,,,,,16,29.375,68.90943396,3,,2,
69.0509434,3,,,,,,,,,,,,,,16,29.4375,69.0509434,4,,3,
69.19245283,2,,,,,,,,,,,,,,16,29.5,69.19245283,3,,2,
69.33396226,1,,,,,,,,,,,,,,16,29.5625,69.33396226,2,,1,
69.4754717,2,,,,,,,,,,,,,,16,29.625,69.4754717,3,,2,
69.61698113,1,,,,,,,,,,,,,,16,29.6875,69.61698113,2,,1,
69.75849057,0,,,,,,,,,,,,,,16,29.75,69.75849057,1,,0,
69.9,1,,,,,,,,,,,,,,16,29.8125,69.9,2,,1,
70.04150943,2,,,,,,,,,,,,,,16,29.875,70.04150943,3,,2,
70.18301887,3,,,,,,,,,,,,,,16,29.9375,70.18301887,4,,3,
70.3245283,1,2,,,,,,,,,,,,,16,30,70.3245283,2,3,1,2
70.46603774,3,,,,,,,,,,,,,,16,30.0625,70.46603774,4,,3,
70.60754717,0,,,,,,,,,,,,,,16,30.125,70.60754717,1,,0,
70.7490566,2,,,,,,,,,,,,,,16,30.1875,70.7490566,3,,2,
70.89056604,0,,,,,,,,,,,,,,16,30.25,70.89056604,1,,0,
71.03207547,1,,,,,,,,,,,,,,16,30.3125,71.03207547,2,,1,
71.17358491,3,,,,,,,,,,,,,,16,30.375,71.17358491,4,,3,
71.31509434,2,,,,,,,,,,,,,,16,30.4375,71.31509434,3,,2,
71.45660377,1,,,,,,,,,,,,,,16,30.5,71.45660377,2,,1,
71.59811321,0,,,,,,,,,,,,,,16,30.5625,71.59811321,1,,0,
71.73962264,2,,,,,,,,,,,,,,16,30.625,71.73962264,3,,2,
71.88113208,1,,,,,,,,,,,,,,16,30.6875,71.88113208,2,,1,
72.02264151,3,,,,,,,,,,,,,,16,30.75,72.02264151,4,,3,
72.16415094,0,,,,,,,,,,,,,,16,30.8125,72.16415094,1,,0,
72.30566038,1,,,,,,,,,,,,,,16,30.875,72.30566038,2,,1,
72.44716981,3,,,,,,,,,,,,,,16,30.9375,72.44716981,4,,3,
72.58867925,1,2,,,,,,,,,,,,,16,31,72.58867925,2,3,1,2
72.73018868,3,,,,,,,,,,,,,,16,31.0625,72.73018868,4,,3,
72.87169811,2,,,,,,,,,,,,,,16,31.125,72.87169811,3,,2,
73.01320755,1,,,,,,,,,,,,,,16,31.1875,73.01320755,2,,1,
73.15471698,0,,,,,,,,,,,,,,16,31.25,73.15471698,1,,0,
73.29622642,2,,,,,,,,,,,,,,16,31.3125,73.29622642,3,,2,
73.43773585,3,,,,,,,,,,,,,,16,31.375,73.43773585,4,,3,
73.57924528,1,,,,,,,,,,,,,,16,31.4375,73.57924528,2,,1,
73.72075472,0,,,,,,,,,,,,,,16,31.5,73.72075472,1,,0,
73.86226415,1,,,,,,,,,,,,,,16,31.5625,73.86226415,2,,1,
74.00377358,0,,,,,,,,,,,,,,16,31.625,74.00377358,1,,0,
74.14528302,3,,,,,,,,,,,,,,16,31.6875,74.14528302,4,,3,
74.28679245,2,,,,,,,,,,,,,,16,31.75,74.28679245,3,,2,
74.42830189,1,,,,,,,,,,,,,,16,31.8125,74.42830189,2,,1,
74.56981132,0,,,,,,,,,,,,,,16,31.875,74.56981132,1,,0,
74.71132075,2,,,,,,,,,,,,,,16,31.9375,74.71132075,3,,2,
74.85283019,0,3,,,,,,,,,,,,,16,32,74.85283019,1,4,0,3
74.99433962,1,,,,,,,,,,,,,,16,32.0625,74.99433962,2,,1,
75.13584906,3,,,,,,,,,,,,,,16,32.125,75.13584906,4,,3,
75.27735849,1,,,,,,,,,,,,,,16,32.1875,75.27735849,2,,1,
75.41886792,3,,,,,,,,,,,,,,16,32.25,75.41886792,4,,3,
75.56037736,2,,,,,,,,,,,,,,16,32.3125,75.56037736,3,,2,
75.70188679,1,,,,,,,,,,,,,,16,32.375,75.70188679,2,,1,
75.84339623,2,,,,,,,,,,,,,,16,32.4375,75.84339623,3,,2,
75.98490566,0,,,,,,,,,,,,,,16,32.5,75.98490566,1,,0,
76.12641509,2,,,,,,,,,,,,,,16,32.5625,76.12641509,3,,2,
76.26792453,3,,,,,,,,,,,,,,16,32.625,76.26792453,4,,3,
76.40943396,2,,,,,,,,,,,,,,16,32.6875,76.40943396,3,,2,
76.5509434,1,,,,,,,,,,,,,,16,32.75,76.5509434,2,,1,
76.69245283,2,,,,,,,,,,,,,,16,32.8125,76.69245283,3,,2,
76.83396226,0,,,,,,,,,,,,,,16,32.875,76.83396226,1,,0,
76.9754717,3,,,,,,,,,,,,,,16,32.9375,76.9754717,4,,3,
77.11698113,1,0,,,,,,,,,,,,,16,33,77.11698113,2,1,1,0
