0.584766889,60,,,,1,1.777777778,,,,,,,,,,,,,,
7.695878,4,,,,2,0.888888889,,,,,1,2.362544667,,,,,,,,
7.806989111,3,,,,4,0.444444444,,,,1,2,4.140322445,,,,,,,,
7.918100222,2,,,,6,0.296296296,,,,1,3,5.918100222,,,,,,,,
8.029211333,1,,,,8,0.222222222,,,,1,4,7.695878,4,,,,,,,
8.140322445,4,,,,12,0.148148148,,,,16,4.0625,7.806989111,3,,,,,,,
8.251433556,3,,,,16,0.111111111,,,,16,4.125,7.918100222,2,,,,,,,
8.362544667,2,,,,24,0.074074074,,,,16,4.1875,8.029211333,1,,,,,,,
8.473655778,1,,,,,,,,,16,4.25,8.140322445,4,,,,,,,
8.584766889,4,,,,,,,,,16,4.3125,8.251433556,3,,,,,,,
8.695878,3,,,,,,,,,16,4.375,8.362544667,2,,,,,,,
8.806989111,2,,,,,,,,,16,4.4375,8.473655778,1,,,,,,,
8.918100222,1,,,,,,,,,16,4.5,8.584766889,4,,,,,,,
9.029211333,4,,,,,,,,,16,4.5625,8.695878,3,,,,,,,
9.140322445,3,,,,,,,,,16,4.625,8.806989111,2,,,,,,,
9.251433556,2,,,,,,,,,16,4.6875,8.918100222,1,,,,,,,
9.362544667,1,,,,,,,,,16,4.75,9.029211333,4,,,,,,,
9.473655778,4,,,,,,,,,16,4.8125,9.140322445,3,,,,,,,
9.584766889,3,,,,,,,,,16,4.875,9.251433556,2,,,,,,,
9.695878,2,,,,,,,,,16,4.9375,9.362544667,1,,,,,,,
9.806989111,1,,,,,,,,,16,5,9.473655778,4,,,,,,,
9.918100222,4,,,,,,,,,16,5.0625,9.584766889,3,,,,,,,
10.02921133,3,,,,,,,,,16,5.125,9.695878,2,,,,,,,
10.14032244,2,,,,,,,,,16,5.1875,9.806989111,1,,,,,,,
10.25143356,1,,,,,,,,,16,5.25,9.918100222,4,,,,,,,
10.36254467,4,,,,,,,,,16,5.3125,10.02921133,3,,,,,,,
10.47365578,3,,,,,,,,,16,5.375,10.14032244,2,,,,,,,
10.58476689,2,,,,,,,,,16,5.4375,10.25143356,1,,,,,,,
10.695878,1,,,,,,,,,16,5.5,10.36254467,4,,,,,,,
10.80698911,4,,,,,,,,,16,5.5625,10.47365578,3,,,,,,,
10.91810022,3,,,,,,,,,16,5.625,10.58476689,2,,,,,,,
11.02921133,2,,,,,,,,,16,5.6875,10.695878,1,,,,,,,
11.14032244,1,,,,,,,,,16,5.75,10.80698911,4,,,,,,,
11.25143356,4,,,,,,,,,16,5.8125,10.91810022,3,,,,,,,
11.36254467,3,,,,,,,,,16,5.875,11.02921133,2,,,,,,,
11.47365578,2,,,,,,,,,16,5.9375,11.14032244,1,,,,,,,
11.58476689,1,,,,,,,,,16,6,11.25143356,4,,,,,,,
11.695878,4,,,,,,,,,16,6.0625,11.36254467,3,,,,,,,
11.80698911,3,,,,,,,,,16,6.125,11.47365578,2,,,,,,,
11.91810022,2,,,,,,,,,16,6.1875,11.58476689,1,,,,,,,
12.02921133,1,,,,,,,,,16,6.25,11.695878,4,,,,,,,
12.14032244,4,,,,,,,,,16,6.3125,11.80698911,3,,,,,,,
12.25143356,3,,,,,,,,,16,6.375,11.91810022,2,,,,,,,
12.36254467,2,,,,,,,,,16,6.4375,12.02921133,1,,,,,,,
12.47365578,1,,,,,,,,,16,6.5,12.14032244,4,,,,,,,
12.58476689,4,,,,,,,,,16,6.5625,12.25143356,3,,,,,,,
12.695878,3,,,,,,,,,16,6.625,12.36254467,2,,,,,,,
12.80698911,2,,,,,,,,,16,6.6875,12.47365578,1,,,,,,,
12.91810022,1,,,,,,,,,16,6.75,12.58476689,4,,,,,,,
13.02921133,4,,,,,,,,,16,6.8125,12.695878,3,,,,,,,
13.14032244,3,,,,,,,,,16,6.875,12.80698911,2,,,,,,,
13.25143356,2,,,,,,,,,16,6.9375,12.91810022,1,,,,,,,
13.36254467,1,,,,,,,,,16,7,13.02921133,4,,,,,,,
13.47365578,4,,,,,,,,,16,7.0625,13.14032244,3,,,,,,,
13.58476689,3,,,,,,,,,16,7.125,13.25143356,2,,,,,,,
13.695878,2,,,,,,,,,16,7.1875,13.36254467,1,,,,,,,
13.80698911,1,,,,,,,,,16,7.25,13.47365578,4,,,,,,,
13.91810022,4,,,,,,,,,16,7.3125,13.58476689,3,,,,,,,
14.02921133,3,,,,,,,,,16,7.375,13.695878,2,,,,,,,
14.14032244,2,,,,,,,,,16,7.4375,13.80698911,1,,,,,,,
14.25143356,1,,,,,,,,,16,7.5,13.91810022,4,,,,,,,
14.36254467,4,,,,,,,,,16,7.5625,14.02921133,3,,,,,,,
14.47365578,3,,,,,,,,,16,7.625,14.14032244,2,,,,,,,
14.58476689,2,,,,,,,,,16,7.6875,14.25143356,1,,,,,,,
14.695878,1,,,,,,,,,16,7.75,14.36254467,4,,,,,,,
14.80698911,4,,,,,,,,,16,7.8125,14.47365578,3,,,,,,,
14.91810022,0,,,,,,,,,16,7.875,14.58476689,2,,,,,,,
15.02921133,1,,,,,,,,,16,7.9375,14.695878,1,,,,,,,
15.14032244,2,,,,,,,,,16,8,14.80698911,4,,,,,,,
15.25143356,4,,,,,,,,,16,8.0625,14.91810022,0,,,,,,,
15.36254467,0,,,,,,,,,16,8.125,15.02921133,1,,,,,,,
15.47365578,1,,,,,,,,,16,8.1875,15.14032244,2,,,,,,,
15.58476689,2,,,,,,,,,16,8.25,15.25143356,4,,,,,,,
15.695878,4,,,,,,,,,16,8.3125,15.36254467,0,,,,,,,
15.80698911,0,,,,,,,,,16,8.375,15.47365578,1,,,,,,,
15.91810022,1,,,,,,,,,16,8.4375,15.58476689,2,,,,,,,
16.02921133,2,,,,,,,,,16,8.5,15.695878,4,,,,,,,
16.14032244,4,,,,,,,,,16,8.5625,15.80698911,0,,,,,,,
16.25143356,0,,,,,,,,,16,8.625,15.91810022,1,,,,,,,
16.36254467,1,,,,,,,,,16,8.6875,16.02921133,2,,,,,,,
16.47365578,2,,,,,,,,,16,8.75,16.14032244,4,,,,,,,
16.58476689,4,,,,,,,,,16,8.8125,16.25143356,0,,,,,,,
16.695878,0,,,,,,,,,16,8.875,16.36254467,1,,,,,,,
16.80698911,1,,,,,,,,,16,8.9375,16.47365578,2,,,,,,,
16.91810022,2,,,,,,,,,16,9,16.58476689,4,,,,,,,
17.02921133,4,,,,,,,,,16,9.0625,16.695878,0,,,,,,,
17.14032244,0,,,,,,,,,16,9.125,16.80698911,1,,,,,,,
17.25143356,1,,,,,,,,,16,9.1875,16.91810022,2,,,,,,,
17.36254467,2,,,,,,,,,16,9.25,17.02921133,4,,,,,,,
17.47365578,4,,,,,,,,,16,9.3125,17.14032244,0,,,,,,,
17.58476689,0,,,,,,,,,16,9.375,17.25143356,1,,,,,,,
17.695878,1,,,,,,,,,16,9.4375,17.36254467,2,,,,,,,
17.80698911,2,,,,,,,,,16,9.5,17.47365578,4,,,,,,,
17.91810022,4,,,,,,,,,16,9.5625,17.58476689,0,,,,,,,
18.02921133,0,,,,,,,,,16,9.625,17.695878,1,,,,,,,
18.14032244,1,,,,,,,,,16,9.6875,17.80698911,2,,,,,,,
18.25143356,2,,,,,,,,,16,9.75,17.91810022,4,,,,,,,
18.36254467,4,,,,,,,,,16,9.8125,18.02921133,0,,,,,,,
18.47365578,0,,,,,,,,,16,9.875,18.14032244,1,,,,,,,
18.58476689,1,,,,,,,,,16,9.9375,18.25143356,2,,,,,,,
18.695878,2,,,,,,,,,16,10,18.36254467,4,,,,,,,
18.80698911,4,,,,,,,,,16,10.0625,18.47365578,0,,,,,,,
18.91810022,0,,,,,,,,,16,10.125,18.58476689,1,,,,,,,
19.02921133,1,,,,,,,,,16,10.1875,18.695878,2,,,,,,,
19.14032244,2,,,,,,,,,16,10.25,18.80698911,4,,,,,,,
19.25143356,4,,,,,,,,,16,10.3125,18.91810022,0,,,,,,,
19.36254467,0,,,,,,,,,16,10.375,19.02921133,1,,,,,,,
19.47365578,1,,,,,,,,,16,10.4375,19.14032244,2,,,,,,,
19.58476689,2,,,,,,,,,16,10.5,19.25143356,4,,,,,,,
19.695878,4,,,,,,,,,16,10.5625,19.36254467,0,,,,,,,
19.80698911,0,,,,,,,,,16,10.625,19.47365578,1,,,,,,,
19.91810022,1,,,,,,,,,16,10.6875,19.58476689,2,,,,,,,
20.02921133,2,,,,,,,,,16,10.75,19.695878,4,,,,,,,
20.14032244,4,,,,,,,,,16,10.8125,19.80698911,0,,,,,,,
20.25143356,0,,,,,,,,,16,10.875,19.91810022,1,,,,,,,
20.36254467,1,,,,,,,,,16,10.9375,20.02921133,2,,,,,,,
20.47365578,2,,,,,,,,,16,11,20.14032244,4,,,,,,,
20.58476689,4,,,,,,,,,16,11.0625,20.25143356,0,,,,,,,
20.695878,0,,,,,,,,,16,11.125,20.36254467,1,,,,,,,
20.80698911,1,,,,,,,,,16,11.1875,20.47365578,2,,,,,,,
20.91810022,2,,,,,,,,,16,11.25,20.58476689,4,,,,,,,
21.02921133,4,,,,,,,,,16,11.3125,20.695878,0,,,,,,,
21.14032244,0,,,,,,,,,16,11.375,20.80698911,1,,,,,,,
21.25143356,1,,,,,,,,,16,11.4375,20.91810022,2,,,,,,,
21.36254467,2,,,,,,,,,16,11.5,21.02921133,4,,,,,,,
21.47365578,4,,,,,,,,,16,11.5625,21.14032244,0,,,,,,,
21.58476689,0,,,,,,,,,16,11.625,21.25143356,1,,,,,,,
21.695878,1,,,,,,,,,16,11.6875,21.36254467,2,,,,,,,
21.80698911,2,,,,,,,,,16,11.75,21.47365578,4,,,,,,,
21.91810022,4,,,,,,,,,16,11.8125,21.58476689,0,,,,,,,
22.02921133,2,,,,,,,,,16,11.875,21.695878,1,,,,,,,
22.14032244,3,,,,,,,,,16,11.9375,21.80698911,2,,,,,,,
22.25143356,2,,,,,,,,,16,12,21.91810022,4,,,,,,,
22.36254467,4,,,,,,,,,16,12.0625,22.02921133,2,,,,,,,
22.47365578,2,,,,,,,,,16,12.125,22.14032244,3,,,,,,,
22.58476689,3,,,,,,,,,16,12.1875,22.25143356,2,,,,,,,
22.695878,2,,,,,,,,,16,12.25,22.36254467,4,,,,,,,
22.80698911,4,,,,,,,,,16,12.3125,22.47365578,2,,,,,,,
22.91810022,2,,,,,,,,,16,12.375,22.58476689,3,,,,,,,
23.02921133,3,,,,,,,,,16,12.4375,22.695878,2,,,,,,,
23.14032244,2,,,,,,,,,16,12.5,22.80698911,4,,,,,,,
23.25143356,4,,,,,,,,,16,12.5625,22.91810022,2,,,,,,,
23.36254467,2,,,,,,,,,16,12.625,23.02921133,3,,,,,,,
23.47365578,3,,,,,,,,,16,12.6875,23.14032244,2,,,,,,,
23.58476689,2,,,,,,,,,16,12.75,23.25143356,4,,,,,,,
23.695878,4,,,,,,,,,16,12.8125,23.36254467,2,,,,,,,
23.80698911,2,,,,,,,,,16,12.875,23.47365578,3,,,,,,,
23.91810022,3,,,,,,,,,16,12.9375,23.58476689,2,,,,,,,
24.02921133,2,,,,,,,,,16,13,23.695878,4,,,,,,,
24.14032244,4,,,,,,,,,16,13.0625,23.80698911,2,,,,,,,
24.25143356,2,,,,,,,,,16,13.125,23.91810022,3,,,,,,,
24.36254467,3,,,,,,,,,16,13.1875,24.02921133,2,,,,,,,
24.47365578,2,,,,,,,,,16,13.25,24.14032244,4,,,,,,,
24.58476689,4,,,,,,,,,16,13.3125,24.25143356,2,,,,,,,
24.695878,2,,,,,,,,,16,13.375,24.36254467,3,,,,,,,
24.80698911,3,,,,,,,,,16,13.4375,24.47365578,2,,,,,,,
24.91810022,2,,,,,,,,,16,13.5,24.58476689,4,,,,,,,
25.02921133,4,,,,,,,,,16,13.5625,24.695878,2,,,,,,,
25.14032244,2,,,,,,,,,16,13.625,24.80698911,3,,,,,,,
25.25143356,3,,,,,,,,,16,13.6875,24.91810022,2,,,,,,,
25.36254467,2,,,,,,,,,16,13.75,25.02921133,4,,,,,,,
25.47365578,4,,,,,,,,,16,13.8125,25.14032244,2,,,,,,,
25.58476689,2,,,,,,,,,16,13.875,25.25143356,3,,,,,,,
25.695878,3,,,,,,,,,16,13.9375,25.36254467,2,,,,,,,
25.80698911,2,,,,,,,,,16,14,25.47365578,4,,,,,,,
25.91810022,4,,,,,,,,,16,14.0625,25.58476689,2,,,,,,,
26.02921133,2,,,,,,,,,16,14.125,25.695878,3,,,,,,,
26.14032244,3,,,,,,,,,16,14.1875,25.80698911,2,,,,,,,
26.25143356,2,,,,,,,,,16,14.25,25.91810022,4,,,,,,,
26.36254467,4,,,,,,,,,16,14.3125,26.02921133,2,,,,,,,
26.47365578,2,,,,,,,,,16,14.375,26.14032244,3,,,,,,,
26.58476689,3,,,,,,,,,16,14.4375,26.25143356,2,,,,,,,
26.695878,2,,,,,,,,,16,14.5,26.36254467,4,,,,,,,
26.80698911,4,,,,,,,,,16,14.5625,26.47365578,2,,,,,,,
26.91810022,2,,,,,,,,,16,14.625,26.58476689,3,,,,,,,
27.02921133,3,,,,,,,,,16,14.6875,26.695878,2,,,,,,,
27.14032244,2,,,,,,,,,16,14.75,26.80698911,4,,,,,,,
27.25143356,4,,,,,,,,,16,14.8125,26.91810022,2,,,,,,,
27.36254467,2,,,,,,,,,16,14.875,27.02921133,3,,,,,,,
27.47365578,3,,,,,,,,,16,14.9375,27.14032244,2,,,,,,,
27.58476689,2,,,,,,,,,16,15,27.25143356,4,,,,,,,
27.695878,4,,,,,,,,,16,15.0625,27.36254467,2,,,,,,,
27.80698911,2,,,,,,,,,16,15.125,27.47365578,3,,,,,,,
27.91810022,3,,,,,,,,,16,15.1875,27.58476689,2,,,,,,,
28.02921133,2,,,,,,,,,16,15.25,27.695878,4,,,,,,,
28.14032244,4,,,,,,,,,16,15.3125,27.80698911,2,,,,,,,
28.25143356,2,,,,,,,,,16,15.375,27.91810022,3,,,,,,,
28.36254467,3,,,,,,,,,16,15.4375,28.02921133,2,,,,,,,
28.47365578,2,,,,,,,,,16,15.5,28.14032244,4,,,,,,,
28.58476689,4,,,,,,,,,16,15.5625,28.25143356,2,,,,,,,
28.695878,2,,,,,,,,,16,15.625,28.36254467,3,,,,,,,
28.80698911,3,,,,,,,,,16,15.6875,28.47365578,2,,,,,,,
28.91810022,2,,,,,,,,,16,15.75,28.58476689,4,,,,,,,
29.02921133,4,,,,,,,,,16,15.8125,28.695878,2,,,,,,,
29.14032244,1,,,,,,,,,16,15.875,28.80698911,3,,,,,,,
29.25143356,0,,,,,,,,,16,15.9375,28.91810022,2,,,,,,,
29.36254467,1,,,,,,,,,16,16,29.02921133,4,,,,,,,
29.47365578,4,,,,,,,,,16,16.0625,29.14032244,1,,,,,,,
29.58476689,1,,,,,,,,,16,16.125,29.25143356,0,,,,,,,
29.695878,0,,,,,,,,,16,16.1875,29.36254467,1,,,,,,,
29.80698911,1,,,,,,,,,16,16.25,29.47365578,4,,,,,,,
29.91810022,4,,,,,,,,,16,16.3125,29.58476689,1,,,,,,,
30.02921133,1,,,,,,,,,16,16.375,29.695878,0,,,,,,,
30.14032244,0,,,,,,,,,16,16.4375,29.80698911,1,,,,,,,
30.25143356,1,,,,,,,,,16,16.5,29.91810022,4,,,,,,,
30.36254467,4,,,,,,,,,16,16.5625,30.02921133,1,,,,,,,
30.47365578,1,,,,,,,,,16,16.625,30.14032244,0,,,,,,,
30.58476689,0,,,,,,,,,16,16.6875,30.25143356,1,,,,,,,
30.695878,1,,,,,,,,,16,16.75,30.36254467,4,,,,,,,
30.80698911,4,,,,,,,,,16,16.8125,30.47365578,1,,,,,,,
30.91810022,1,,,,,,,,,16,16.875,30.58476689,0,,,,,,,
31.02921133,0,,,,,,,,,16,16.9375,30.695878,1,,,,,,,
31.14032244,1,,,,,,,,,16,17,30.80698911,4,,,,,,,
31.25143356,4,,,,,,,,,16,17.0625,30.91810022,1,,,,,,,
31.36254467,1,,,,,,,,,16,17.125,31.02921133,0,,,,,,,
31.47365578,0,,,,,,,,,16,17.1875,31.14032244,1,,,,,,,
31.58476689,1,,,,,,,,,16,17.25,31.25143356,4,,,,,,,
31.695878,4,,,,,,,,,16,17.3125,31.36254467,1,,,,,,,
31.80698911,1,,,,,,,,,16,17.375,31.47365578,0,,,,,,,
31.91810022,0,,,,,,,,,16,17.4375,31.58476689,1,,,,,,,
32.02921133,1,,,,,,,,,16,17.5,31.695878,4,,,,,,,
32.14032244,4,,,,,,,,,16,17.5625,31.80698911,1,,,,,,,
32.25143356,1,,,,,,,,,16,17.625,31.91810022,0,,,,,,,
32.36254467,0,,,,,,,,,16,17.6875,32.02921133,1,,,,,,,
32.47365578,1,,,,,,,,,16,17.75,32.14032244,4,,,,,,,
32.58476689,4,,,,,,,,,16,17.8125,32.25143356,1,,,,,,,
32.695878,1,,,,,,,,,16,17.875,32.36254467,0,,,,,,,
32.80698911,0,,,,,,,,,16,17.9375,32.47365578,1,,,,,,,
32.91810022,1,,,,,,,,,16,18,32.58476689,4,,,,,,,
33.02921133,4,,,,,,,,,16,18.0625,32.695878,1,,,,,,,
33.14032244,1,,,,,,,,,16,18.125,32.80698911,0,,,,,,,
33.25143356,0,,,,,,,,,16,18.1875,32.91810022,1,,,,,,,
33.36254467,1,,,,,,,,,16,18.25,33.02921133,4,,,,,,,
33.47365578,4,,,,,,,,,16,18.3125,33.14032244,1,,,,,,,
33.58476689,1,,,,,,,,,16,18.375,33.25143356,0,,,,,,,
33.695878,0,,,,,,,,,16,18.4375,33.36254467,1,,,,,,,
33.80698911,1,,,,,,,,,16,18.5,33.47365578,4,,,,,,,
33.91810022,4,,,,,,,,,16,18.5625,33.58476689,1,,,,,,,
34.02921133,1,,,,,,,,,16,18.625,33.695878,0,,,,,,,
34.14032244,0,,,,,,,,,16,18.6875,33.80698911,1,,,,,,,
34.25143356,1,,,,,,,,,16,18.75,33.91810022,4,,,,,,,
34.36254467,4,,,,,,,,,16,18.8125,34.02921133,1,,,,,,,
34.47365578,1,,,,,,,,,16,18.875,34.14032244,0,,,,,,,
34.58476689,0,,,,,,,,,16,18.9375,34.25143356,1,,,,,,,
34.695878,1,,,,,,,,,16,19,34.36254467,4,,,,,,,
34.80698911,4,,,,,,,,,16,19.0625,34.47365578,1,,,,,,,
34.91810022,1,,,,,,,,,16,19.125,34.58476689,0,,,,,,,
35.02921133,0,,,,,,,,,16,19.1875,34.695878,1,,,,,,,
35.14032244,1,,,,,,,,,16,19.25,34.80698911,4,,,,,,,
35.25143356,4,,,,,,,,,16,19.3125,34.91810022,1,,,,,,,
35.36254467,1,,,,,,,,,16,19.375,35.02921133,0,,,,,,,
35.47365578,0,,,,,,,,,16,19.4375,35.14032244,1,,,,,,,
35.58476689,1,,,,,,,,,16,19.5,35.25143356,4,,,,,,,
35.695878,4,,,,,,,,,16,19.5625,35.36254467,1,,,,,,,
35.80698911,1,,,,,,,,,16,19.625,35.47365578,0,,,,,,,
35.91810022,0,,,,,,,,,16,19.6875,35.58476689,1,,,,,,,
36.02921133,1,,,,,,,,,16,19.75,35.695878,4,,,,,,,
36.14032244,4,,,,,,,,,16,19.8125,35.80698911,1,,,,,,,
36.25143356,3,,,,,,,,,16,19.875,35.91810022,0,,,,,,,
36.36254467,2,,,,,,,,,16,19.9375,36.02921133,1,,,,,,,
36.47365578,3,,,,,,,,,16,20,36.14032244,4,,,,,,,
36.58476689,4,,,,,,,,,16,20.0625,36.25143356,3,,,,,,,
36.695878,3,,,,,,,,,16,20.125,36.36254467,2,,,,,,,
36.80698911,2,,,,,,,,,16,20.1875,36.47365578,3,,,,,,,
36.91810022,3,,,,,,,,,16,20.25,36.58476689,4,,,,,,,
37.02921133,4,,,,,,,,,16,20.3125,36.695878,3,,,,,,,
37.14032244,3,,,,,,,,,16,20.375,36.80698911,2,,,,,,,
37.25143356,2,,,,,,,,,16,20.4375,36.91810022,3,,,,,,,
37.36254467,3,,,,,,,,,16,20.5,37.02921133,4,,,,,,,
37.47365578,4,,,,,,,,,16,20.5625,37.14032244,3,,,,,,,
37.58476689,3,,,,,,,,,16,20.625,37.25143356,2,,,,,,,
37.695878,2,,,,,,,,,16,20.6875,37.36254467,3,,,,,,,
37.80698911,3,,,,,,,,,16,20.75,37.47365578,4,,,,,,,
37.91810022,4,,,,,,,,,16,20.8125,37.58476689,3,,,,,,,
38.02921133,3,,,,,,,,,16,20.875,37.695878,2,,,,,,,
38.14032244,2,,,,,,,,,16,20.9375,37.80698911,3,,,,,,,
38.25143356,3,,,,,,,,,16,21,37.91810022,4,,,,,,,
38.36254467,4,,,,,,,,,16,21.0625,38.02921133,3,,,,,,,
38.47365578,3,,,,,,,,,16,21.125,38.14032244,2,,,,,,,
38.58476689,2,,,,,,,,,16,21.1875,38.25143356,3,,,,,,,
38.695878,3,,,,,,,,,16,21.25,38.36254467,4,,,,,,,
38.80698911,4,,,,,,,,,16,21.3125,38.47365578,3,,,,,,,
38.91810022,3,,,,,,,,,16,21.375,38.58476689,2,,,,,,,
39.02921133,2,,,,,,,,,16,21.4375,38.695878,3,,,,,,,
39.14032244,3,,,,,,,,,16,21.5,38.80698911,4,,,,,,,
39.25143356,4,,,,,,,,,16,21.5625,38.91810022,3,,,,,,,
39.36254467,3,,,,,,,,,16,21.625,39.02921133,2,,,,,,,
39.47365578,2,,,,,,,,,16,21.6875,39.14032244,3,,,,,,,
39.58476689,3,,,,,,,,,16,21.75,39.25143356,4,,,,,,,
39.695878,4,,,,,,,,,16,21.8125,39.36254467,3,,,,,,,
39.80698911,3,,,,,,,,,16,21.875,39.47365578,2,,,,,,,
39.91810022,2,,,,,,,,,16,21.9375,39.58476689,3,,,,,,,
40.02921133,3,,,,,,,,,16,22,39.695878,4,,,,,,,
40.14032244,4,,,,,,,,,16,22.0625,39.80698911,3,,,,,,,
40.25143356,3,,,,,,,,,16,22.125,39.91810022,2,,,,,,,
40.36254467,2,,,,,,,,,16,22.1875,40.02921133,3,,,,,,,
40.47365578,3,,,,,,,,,16,22.25,40.14032244,4,,,,,,,
40.58476689,4,,,,,,,,,16,22.3125,40.25143356,3,,,,,,,
40.695878,3,,,,,,,,,16,22.375,40.36254467,2,,,,,,,
40.80698911,2,,,,,,,,,16,22.4375,40.47365578,3,,,,,,,
40.91810022,3,,,,,,,,,16,22.5,40.58476689,4,,,,,,,
41.02921133,4,,,,,,,,,16,22.5625,40.695878,3,,,,,,,
41.14032244,3,,,,,,,,,16,22.625,40.80698911,2,,,,,,,
41.25143356,2,,,,,,,,,16,22.6875,40.91810022,3,,,,,,,
41.36254467,3,,,,,,,,,16,22.75,41.02921133,4,,,,,,,
41.47365578,4,,,,,,,,,16,22.8125,41.14032244,3,,,,,,,
41.58476689,3,,,,,,,,,16,22.875,41.25143356,2,,,,,,,
41.695878,2,,,,,,,,,16,22.9375,41.36254467,3,,,,,,,
41.80698911,3,,,,,,,,,16,23,41.47365578,4,,,,,,,
41.91810022,4,,,,,,,,,16,23.0625,41.58476689,3,,,,,,,
42.02921133,3,,,,,,,,,16,23.125,41.695878,2,,,,,,,
42.14032244,2,,,,,,,,,16,23.1875,41.80698911,3,,,,,,,
42.25143356,3,,,,,,,,,16,23.25,41.91810022,4,,,,,,,
42.36254467,4,,,,,,,,,16,23.3125,42.02921133,3,,,,,,,
42.47365578,3,,,,,,,,,16,23.375,42.14032244,2,,,,,,,
42.58476689,2,,,,,,,,,16,23.4375,42.25143356,3,,,,,,,
42.695878,3,,,,,,,,,16,23.5,42.36254467,4,,,,,,,
42.80698911,4,,,,,,,,,16,23.5625,42.47365578,3,,,,,,,
42.91810022,3,,,,,,,,,16,23.625,42.58476689,2,,,,,,,
43.02921133,2,,,,,,,,,16,23.6875,42.695878,3,,,,,,,
43.14032244,3,,,,,,,,,16,23.75,42.80698911,4,,,,,,,
43.25143356,4,,,,,,,,,16,23.8125,42.91810022,3,,,,,,,
43.36254467,0,,,,,,,,,16,23.875,43.02921133,2,,,,,,,
43.47365578,1,,,,,,,,,16,23.9375,43.14032244,3,,,,,,,
43.58476689,0,,,,,,,,,16,24,43.25143356,4,,,,,,,
43.695878,4,,,,,,,,,16,24.0625,43.36254467,0,,,,,,,
43.80698911,0,,,,,,,,,16,24.125,43.47365578,1,,,,,,,
43.91810022,1,,,,,,,,,16,24.1875,43.58476689,0,,,,,,,
44.02921133,0,,,,,,,,,16,24.25,43.695878,4,,,,,,,
44.14032244,4,,,,,,,,,16,24.3125,43.80698911,0,,,,,,,
44.25143356,0,,,,,,,,,16,24.375,43.91810022,1,,,,,,,
44.36254467,1,,,,,,,,,16,24.4375,44.02921133,0,,,,,,,
44.47365578,0,,,,,,,,,16,24.5,44.14032244,4,,,,,,,
44.58476689,4,,,,,,,,,16,24.5625,44.25143356,0,,,,,,,
44.695878,0,,,,,,,,,16,24.625,44.36254467,1,,,,,,,
44.80698911,1,,,,,,,,,16,24.6875,44.47365578,0,,,,,,,
44.91810022,0,,,,,,,,,16,24.75,44.58476689,4,,,,,,,
45.02921133,4,,,,,,,,,16,24.8125,44.695878,0,,,,,,,
45.14032244,0,,,,,,,,,16,24.875,44.80698911,1,,,,,,,
45.25143356,1,,,,,,,,,16,24.9375,44.91810022,0,,,,,,,
45.36254467,0,,,,,,,,,16,25,45.02921133,4,,,,,,,
45.47365578,4,,,,,,,,,16,25.0625,45.14032244,0,,,,,,,
45.58476689,0,,,,,,,,,16,25.125,45.25143356,1,,,,,,,
45.695878,1,,,,,,,,,16,25.1875,45.36254467,0,,,,,,,
45.80698911,0,,,,,,,,,16,25.25,45.47365578,4,,,,,,,
45.91810022,4,,,,,,,,,16,25.3125,45.58476689,0,,,,,,,
46.02921133,0,,,,,,,,,16,25.375,45.695878,1,,,,,,,
46.14032244,1,,,,,,,,,16,25.4375,45.80698911,0,,,,,,,
46.25143356,0,,,,,,,,,16,25.5,45.91810022,4,,,,,,,
46.36254467,4,,,,,,,,,16,25.5625,46.02921133,0,,,,,,,
46.47365578,0,,,,,,,,,16,25.625,46.14032244,1,,,,,,,
46.58476689,1,,,,,,,,,16,25.6875,46.25143356,0,,,,,,,
46.695878,0,,,,,,,,,16,25.75,46.36254467,4,,,,,,,
46.80698911,4,,,,,,,,,16,25.8125,46.47365578,0,,,,,,,
46.91810022,0,,,,,,,,,16,25.875,46.58476689,1,,,,,,,
47.02921133,1,,,,,,,,,16,25.9375,46.695878,0,,,,,,,
47.14032244,0,,,,,,,,,16,26,46.80698911,4,,,,,,,
47.25143356,4,,,,,,,,,16,26.0625,46.91810022,0,,,,,,,
47.36254467,0,,,,,,,,,16,26.125,47.02921133,1,,,,,,,
47.47365578,1,,,,,,,,,16,26.1875,47.14032244,0,,,,,,,
47.58476689,0,,,,,,,,,16,26.25,47.25143356,4,,,,,,,
47.695878,4,,,,,,,,,16,26.3125,47.36254467,0,,,,,,,
47.80698911,0,,,,,,,,,16,26.375,47.47365578,1,,,,,,,
47.91810022,1,,,,,,,,,16,26.4375,47.58476689,0,,,,,,,
48.02921133,0,,,,,,,,,16,26.5,47.695878,4,,,,,,,
48.14032244,4,,,,,,,,,16,26.5625,47.80698911,0,,,,,,,
48.25143356,0,,,,,,,,,16,26.625,47.91810022,1,,,,,,,
48.36254467,1,,,,,,,,,16,26.6875,48.02921133,0,,,,,,,
48.47365578,0,,,,,,,,,16,26.75,48.14032244,4,,,,,,,
48.58476689,4,,,,,,,,,16,26.8125,48.25143356,0,,,,,,,
48.695878,0,,,,,,,,,16,26.875,48.36254467,1,,,,,,,
48.80698911,1,,,,,,,,,16,26.9375,48.47365578,0,,,,,,,
48.91810022,0,,,,,,,,,16,27,48.58476689,4,,,,,,,
49.02921133,4,,,,,,,,,16,27.0625,48.695878,0,,,,,,,
49.14032244,0,,,,,,,,,16,27.125,48.80698911,1,,,,,,,
49.25143356,1,,,,,,,,,16,27.1875,48.91810022,0,,,,,,,
49.36254467,0,,,,,,,,,16,27.25,49.02921133,4,,,,,,,
49.47365578,4,,,,,,,,,16,27.3125,49.14032244,0,,,,,,,
49.58476689,0,,,,,,,,,16,27.375,49.25143356,1,,,,,,,
49.695878,1,,,,,,,,,16,27.4375,49.36254467,0,,,,,,,
49.80698911,0,,,,,,,,,16,27.5,49.47365578,4,,,,,,,
49.91810022,4,,,,,,,,,16,27.5625,49.58476689,0,,,,,,,
50.02921133,0,,,,,,,,,16,27.625,49.695878,1,,,,,,,
50.14032244,1,,,,,,,,,16,27.6875,49.80698911,0,,,,,,,
50.25143356,0,,,,,,,,,16,27.75,49.91810022,4,,,,,,,
50.36254467,3,,,,,,,,,16,27.8125,50.02921133,0,,,,,,,
50.47365578,2,,,,,,,,,16,27.875,50.14032244,1,,,,,,,
50.58476689,1,,,,,,,,,16,27.9375,50.25143356,0,,,,,,,
50.695878,4,,,,,,,,,16,28,50.36254467,3,sabi,,,,,,
50.80698911,3,,,,,,,,,16,28.0625,50.47365578,2,,,,,,,
50.91810022,2,,,,,,,,,16,28.125,50.58476689,1,,,,,,,
51.02921133,1,,,,,,,,,16,28.1875,50.695878,4,,,,,,,
51.14032244,4,,,,,,,,,16,28.25,50.80698911,3,,,,,,,
51.25143356,3,,,,,,,,,16,28.3125,50.91810022,2,,,,,,,
51.36254467,2,,,,,,,,,16,28.375,51.02921133,1,,,,,,,
51.47365578,1,,,,,,,,,16,28.4375,51.14032244,4,,,,,,,
51.58476689,4,,,,,,,,,16,28.5,51.25143356,3,,,,,,,
51.695878,3,,,,,,,,,16,28.5625,51.36254467,2,,,,,,,
51.80698911,2,,,,,,,,,16,28.625,51.47365578,1,,,,,,,
51.91810022,1,,,,,,,,,16,28.6875,51.58476689,4,,,,,,,
52.02921133,4,,,,,,,,,16,28.75,51.695878,3,,,,,,,
52.14032244,3,,,,,,,,,16,28.8125,51.80698911,2,,,,,,,
52.25143356,2,,,,,,,,,16,28.875,51.91810022,1,,,,,,,
52.36254467,1,,,,,,,,,16,28.9375,52.02921133,4,,,,,,,
52.47365578,4,,,,,,,,,16,29,52.14032244,3,,,,,,,
52.58476689,3,,,,,,,,,16,29.0625,52.25143356,2,,,,,,,
52.695878,2,,,,,,,,,16,29.125,52.36254467,1,,,,,,,
52.80698911,1,,,,,,,,,16,29.1875,52.47365578,4,,,,,,,
52.91810022,4,,,,,,,,,16,29.25,52.58476689,3,,,,,,,
53.02921133,3,,,,,,,,,16,29.3125,52.695878,2,,,,,,,
53.14032244,2,,,,,,,,,16,29.375,52.80698911,1,,,,,,,
53.25143356,1,,,,,,,,,16,29.4375,52.91810022,4,,,,,,,
53.36254467,4,,,,,,,,,16,29.5,53.02921133,3,,,,,,,
53.47365578,3,,,,,,,,,16,29.5625,53.14032244,2,,,,,,,
53.58476689,2,,,,,,,,,16,29.625,53.25143356,1,,,,,,,
53.695878,1,,,,,,,,,16,29.6875,53.36254467,4,,,,,,,
53.80698911,4,,,,,,,,,16,29.75,53.47365578,3,,,,,,,
53.91810022,3,,,,,,,,,16,29.8125,53.58476689,2,,,,,,,
54.02921133,2,,,,,,,,,16,29.875,53.695878,1,,,,,,,
54.14032244,1,,,,,,,,,16,29.9375,53.80698911,4,,,,,,,
54.25143356,4,,,,,,,,,16,30,53.91810022,3,,,,,,,
54.36254467,3,,,,,,,,,16,30.0625,54.02921133,2,,,,,,,
54.47365578,2,,,,,,,,,16,30.125,54.14032244,1,,,,,,,
54.58476689,1,,,,,,,,,16,30.1875,54.25143356,4,,,,,,,
54.695878,4,,,,,,,,,16,30.25,54.36254467,3,,,,,,,
54.80698911,3,,,,,,,,,16,30.3125,54.47365578,2,,,,,,,
54.91810022,2,,,,,,,,,16,30.375,54.58476689,1,,,,,,,
55.02921133,1,,,,,,,,,16,30.4375,54.695878,4,,,,,,,
55.14032244,4,,,,,,,,,16,30.5,54.80698911,3,,,,,,,
55.25143356,3,,,,,,,,,16,30.5625,54.91810022,2,,,,,,,
55.36254467,2,,,,,,,,,16,30.625,55.02921133,1,,,,,,,
55.47365578,1,,,,,,,,,16,30.6875,55.14032244,4,,,,,,,
55.58476689,4,,,,,,,,,16,30.75,55.25143356,3,,,,,,,
55.695878,3,,,,,,,,,16,30.8125,55.36254467,2,,,,,,,
55.80698911,2,,,,,,,,,16,30.875,55.47365578,1,,,,,,,
55.91810022,1,,,,,,,,,16,30.9375,55.58476689,4,,,,,,,
56.02921133,4,,,,,,,,,16,31,55.695878,3,,,,,,,
56.14032244,3,,,,,,,,,16,31.0625,55.80698911,2,,,,,,,
56.25143356,2,,,,,,,,,16,31.125,55.91810022,1,,,,,,,
56.36254467,1,,,,,,,,,16,31.1875,56.02921133,4,,,,,,,
56.47365578,4,,,,,,,,,16,31.25,56.14032244,3,,,,,,,
56.58476689,3,,,,,,,,,16,31.3125,56.25143356,2,,,,,,,
56.695878,2,,,,,,,,,16,31.375,56.36254467,1,,,,,,,
56.80698911,1,,,,,,,,,16,31.4375,56.47365578,4,,,,,,,
56.91810022,4,,,,,,,,,16,31.5,56.58476689,3,,,,,,,
57.02921133,3,,,,,,,,,16,31.5625,56.695878,2,,,,,,,
57.14032244,2,,,,,,,,,16,31.625,56.80698911,1,,,,,,,
57.25143356,1,,,,,,,,,16,31.6875,56.91810022,4,,,,,,,
57.36254467,4,,,,,,,,,16,31.75,57.02921133,3,,,,,,,
57.47365578,0,,,,,,,,,16,31.8125,57.14032244,2,,,,,,,
57.58476689,1,,,,,,,,,16,31.875,57.25143356,1,,,,,,,
57.695878,2,,,,,,,,,16,31.9375,57.36254467,4,,,,,,,
57.80698911,4,,,,,,,,,16,32,57.47365578,0,,,,,,,
57.91810022,0,,,,,,,,,16,32.0625,57.58476689,1,,,,,,,
58.02921133,1,,,,,,,,,16,32.125,57.695878,2,,,,,,,
58.14032244,2,,,,,,,,,16,32.1875,57.80698911,4,,,,,,,
58.25143356,4,,,,,,,,,16,32.25,57.91810022,0,,,,,,,
58.36254467,0,,,,,,,,,16,32.3125,58.02921133,1,,,,,,,
58.47365578,1,,,,,,,,,16,32.375,58.14032244,2,,,,,,,
58.58476689,2,,,,,,,,,16,32.4375,58.25143356,4,,,,,,,
58.695878,4,,,,,,,,,16,32.5,58.36254467,0,,,,,,,
58.80698911,0,,,,,,,,,16,32.5625,58.47365578,1,,,,,,,
58.91810022,1,,,,,,,,,16,32.625,58.58476689,2,,,,,,,
59.02921133,2,,,,,,,,,16,32.6875,58.695878,4,,,,,,,
59.14032244,4,,,,,,,,,16,32.75,58.80698911,0,,,,,,,
59.25143356,0,,,,,,,,,16,32.8125,58.91810022,1,,,,,,,
59.36254467,1,,,,,,,,,16,32.875,59.02921133,2,,,,,,,
59.47365578,2,,,,,,,,,16,32.9375,59.14032244,4,,,,,,,
59.58476689,4,,,,,,,,,16,33,59.25143356,0,,,,,,,
59.695878,0,,,,,,,,,16,33.0625,59.36254467,1,,,,,,,
59.80698911,1,,,,,,,,,16,33.125,59.47365578,2,,,,,,,
59.91810022,2,,,,,,,,,16,33.1875,59.58476689,4,,,,,,,
60.02921133,4,,,,,,,,,16,33.25,59.695878,0,,,,,,,
60.14032244,0,,,,,,,,,16,33.3125,59.80698911,1,,,,,,,
60.25143356,1,,,,,,,,,16,33.375,59.91810022,2,,,,,,,
60.36254467,2,,,,,,,,,16,33.4375,60.02921133,4,,,,,,,
60.47365578,4,,,,,,,,,16,33.5,60.14032244,0,,,,,,,
60.58476689,0,,,,,,,,,16,33.5625,60.25143356,1,,,,,,,
60.695878,1,,,,,,,,,16,33.625,60.36254467,2,,,,,,,
60.80698911,2,,,,,,,,,16,33.6875,60.47365578,4,,,,,,,
60.91810022,4,,,,,,,,,16,33.75,60.58476689,0,,,,,,,
61.02921133,0,,,,,,,,,16,33.8125,60.695878,1,,,,,,,
61.14032244,1,,,,,,,,,16,33.875,60.80698911,2,,,,,,,
61.25143356,2,,,,,,,,,16,33.9375,60.91810022,4,,,,,,,
61.36254467,4,,,,,,,,,16,34,61.02921133,0,,,,,,,
61.47365578,0,,,,,,,,,16,34.0625,61.14032244,1,,,,,,,
61.58476689,1,,,,,,,,,16,34.125,61.25143356,2,,,,,,,
61.695878,2,,,,,,,,,16,34.1875,61.36254467,4,,,,,,,
61.80698911,4,,,,,,,,,16,34.25,61.47365578,0,,,,,,,
61.91810022,0,,,,,,,,,16,34.3125,61.58476689,1,,,,,,,
62.02921133,1,,,,,,,,,16,34.375,61.695878,2,,,,,,,
62.14032244,2,,,,,,,,,16,34.4375,61.80698911,4,,,,,,,
62.25143356,4,,,,,,,,,16,34.5,61.91810022,0,,,,,,,
62.36254467,0,,,,,,,,,16,34.5625,62.02921133,1,,,,,,,
62.47365578,1,,,,,,,,,16,34.625,62.14032244,2,,,,,,,
62.58476689,2,,,,,,,,,16,34.6875,62.25143356,4,,,,,,,
62.695878,4,,,,,,,,,16,34.75,62.36254467,0,,,,,,,
62.80698911,0,,,,,,,,,16,34.8125,62.47365578,1,,,,,,,
62.91810022,1,,,,,,,,,16,34.875,62.58476689,2,,,,,,,
63.02921133,2,,,,,,,,,16,34.9375,62.695878,4,,,,,,,
63.14032244,4,,,,,,,,,16,35,62.80698911,0,,,,,,,
63.25143356,0,,,,,,,,,16,35.0625,62.91810022,1,,,,,,,
63.36254467,1,,,,,,,,,16,35.125,63.02921133,2,,,,,,,
63.47365578,2,,,,,,,,,16,35.1875,63.14032244,4,,,,,,,
63.58476689,4,,,,,,,,,16,35.25,63.25143356,0,,,,,,,
63.695878,0,,,,,,,,,16,35.3125,63.36254467,1,,,,,,,
63.80698911,1,,,,,,,,,16,35.375,63.47365578,2,,,,,,,
63.91810022,2,,,,,,,,,16,35.4375,63.58476689,4,,,,,,,
64.02921133,4,,,,,,,,,16,35.5,63.695878,0,,,,,,,
64.14032244,0,,,,,,,,,16,35.5625,63.80698911,1,,,,,,,
64.25143356,1,,,,,,,,,16,35.625,63.91810022,2,,,,,,,
64.36254467,2,,,,,,,,,16,35.6875,64.02921133,4,,,,,,,
64.47365578,4,,,,,,,,,16,35.75,64.14032244,0,,,,,,,
64.58476689,4,,,,,,,,,16,35.8125,64.25143356,1,,,,,,,
64.695878,3,,,,,,,,,16,35.875,64.36254467,2,,,,,,,
64.80698911,2,,,,,,,,,16,35.9375,64.47365578,4,,,,,,,
64.91810022,3,,,,,,,,,16,36,64.58476689,4,a,,,,,,
65.02921133,4,,,,,,,,,16,36.0625,64.695878,3,,,,,,,
65.14032244,2,,,,,,,,,16,36.125,64.80698911,2,,,,,,,
65.25143356,3,,,,,,,,,16,36.1875,64.91810022,3,,,,,,,
65.36254467,2,,,,,,,,,16,36.25,65.02921133,4,,,,,,,
65.47365578,4,,,,,,,,,16,36.3125,65.14032244,2,,,,,,,
65.58476689,3,,,,,,,,,16,36.375,65.25143356,3,,,,,,,
65.695878,2,,,,,,,,,16,36.4375,65.36254467,2,,,,,,,
65.80698911,3,,,,,,,,,16,36.5,65.47365578,4,,,,,,,
65.91810022,4,,,,,,,,,16,36.5625,65.58476689,3,,,,,,,
66.02921133,2,,,,,,,,,16,36.625,65.695878,2,,,,,,,
66.14032244,3,,,,,,,,,16,36.6875,65.80698911,3,,,,,,,
66.25143356,2,,,,,,,,,16,36.75,65.91810022,4,,,,,,,
66.36254467,4,,,,,,,,,16,36.8125,66.02921133,2,,,,,,,
66.47365578,3,,,,,,,,,16,36.875,66.14032244,3,,,,,,,
66.58476689,2,,,,,,,,,16,36.9375,66.25143356,2,,,,,,,
66.695878,3,,,,,,,,,16,37,66.36254467,4,a,,,,,,
66.80698911,4,,,,,,,,,16,37.0625,66.47365578,3,,,,,,,
66.91810022,2,,,,,,,,,16,37.125,66.58476689,2,,,,,,,
67.02921133,3,,,,,,,,,16,37.1875,66.695878,3,,,,,,,
67.14032244,2,,,,,,,,,16,37.25,66.80698911,4,,,,,,,
67.25143356,4,,,,,,,,,16,37.3125,66.91810022,2,,,,,,,
67.36254467,3,,,,,,,,,16,37.375,67.02921133,3,,,,,,,
67.47365578,2,,,,,,,,,16,37.4375,67.14032244,2,,,,,,,
67.58476689,3,,,,,,,,,16,37.5,67.25143356,4,,,,,,,
67.695878,4,,,,,,,,,16,37.5625,67.36254467,3,,,,,,,
67.80698911,2,,,,,,,,,16,37.625,67.47365578,2,,,,,,,
67.91810022,3,,,,,,,,,16,37.6875,67.58476689,3,,,,,,,
68.02921133,2,,,,,,,,,16,37.75,67.695878,4,,,,,,,
68.14032244,4,,,,,,,,,16,37.8125,67.80698911,2,,,,,,,
68.25143356,3,,,,,,,,,16,37.875,67.91810022,3,,,,,,,
68.36254467,2,,,,,,,,,16,37.9375,68.02921133,2,,,,,,,
68.47365578,3,,,,,,,,,16,38,68.14032244,4,a,,,,,,
68.58476689,4,,,,,,,,,16,38.0625,68.25143356,3,,,,,,,
68.695878,2,,,,,,,,,16,38.125,68.36254467,2,,,,,,,
68.80698911,3,,,,,,,,,16,38.1875,68.47365578,3,,,,,,,
68.91810022,2,,,,,,,,,16,38.25,68.58476689,4,,,,,,,
69.02921133,4,,,,,,,,,16,38.3125,68.695878,2,,,,,,,
69.14032244,3,,,,,,,,,16,38.375,68.80698911,3,,,,,,,
69.25143356,2,,,,,,,,,16,38.4375,68.91810022,2,,,,,,,
69.36254467,3,,,,,,,,,16,38.5,69.02921133,4,,,,,,,
69.47365578,4,,,,,,,,,16,38.5625,69.14032244,3,,,,,,,
69.58476689,2,,,,,,,,,16,38.625,69.25143356,2,,,,,,,
69.695878,3,,,,,,,,,16,38.6875,69.36254467,3,,,,,,,
69.80698911,2,,,,,,,,,16,38.75,69.47365578,4,,,,,,,
69.91810022,4,,,,,,,,,16,38.8125,69.58476689,2,,,,,,,
70.02921133,3,,,,,,,,,16,38.875,69.695878,3,,,,,,,
70.14032244,2,,,,,,,,,16,38.9375,69.80698911,2,,,,,,,
70.25143356,3,,,,,,,,,16,39,69.91810022,4,a,,,,,,
70.36254467,4,,,,,,,,,16,39.0625,70.02921133,3,,,,,,,
70.47365578,2,,,,,,,,,16,39.125,70.14032244,2,,,,,,,
70.58476689,3,,,,,,,,,16,39.1875,70.25143356,3,,,,,,,
70.695878,2,,,,,,,,,16,39.25,70.36254467,4,,,,,,,
70.80698911,4,,,,,,,,,16,39.3125,70.47365578,2,,,,,,,
70.91810022,3,,,,,,,,,16,39.375,70.58476689,3,,,,,,,
71.02921133,2,,,,,,,,,16,39.4375,70.695878,2,,,,,,,
71.14032244,3,,,,,,,,,16,39.5,70.80698911,4,,,,,,,
71.25143356,4,,,,,,,,,16,39.5625,70.91810022,3,,,,,,,
71.36254467,2,,,,,,,,,16,39.625,71.02921133,2,,,,,,,
71.47365578,3,,,,,,,,,16,39.6875,71.14032244,3,,,,,,,
71.58476689,2,,,,,,,,,16,39.75,71.25143356,4,,,,,,,
71.695878,4,,,,,,,,,16,39.8125,71.36254467,2,,,,,,,
71.80698911,0,,,,,,,,,16,39.875,71.47365578,3,,,,,,,
71.91810022,1,,,,,,,,,16,39.9375,71.58476689,2,a,,,,,,
72.02921133,0,,,,,,,,,16,40,71.695878,4,,,,,,,
72.14032244,4,,,,,,,,,16,40.0625,71.80698911,0,,,,,,,
72.25143356,1,,,,,,,,,16,40.125,71.91810022,1,,,,,,,
72.36254467,0,,,,,,,,,16,40.1875,72.02921133,0,,,,,,,
72.47365578,1,,,,,,,,,16,40.25,72.14032244,4,,,,,,,
72.58476689,4,,,,,,,,,16,40.3125,72.25143356,1,,,,,,,
72.695878,0,,,,,,,,,16,40.375,72.36254467,0,,,,,,,
72.80698911,1,,,,,,,,,16,40.4375,72.47365578,1,,,,,,,
72.91810022,0,,,,,,,,,16,40.5,72.58476689,4,,,,,,,
73.02921133,4,,,,,,,,,16,40.5625,72.695878,0,,,,,,,
73.14032244,1,,,,,,,,,16,40.625,72.80698911,1,,,,,,,
73.25143356,0,,,,,,,,,16,40.6875,72.91810022,0,,,,,,,
73.36254467,1,,,,,,,,,16,40.75,73.02921133,4,,,,,,,
73.47365578,4,,,,,,,,,16,40.8125,73.14032244,1,,,,,,,
73.58476689,0,,,,,,,,,16,40.875,73.25143356,0,,,,,,,
73.695878,1,,,,,,,,,16,40.9375,73.36254467,1,,,,,,,
73.80698911,0,,,,,,,,,16,41,73.47365578,4,,,,,,,
73.91810022,4,,,,,,,,,16,41.0625,73.58476689,0,,,,,,,
74.02921133,1,,,,,,,,,16,41.125,73.695878,1,,,,,,,
74.14032244,0,,,,,,,,,16,41.1875,73.80698911,0,,,,,,,
74.25143356,1,,,,,,,,,16,41.25,73.91810022,4,,,,,,,
74.36254467,4,,,,,,,,,16,41.3125,74.02921133,1,,,,,,,
74.47365578,0,,,,,,,,,16,41.375,74.14032244,0,,,,,,,
74.58476689,1,,,,,,,,,16,41.4375,74.25143356,1,,,,,,,
74.695878,0,,,,,,,,,16,41.5,74.36254467,4,,,,,,,
74.80698911,4,,,,,,,,,16,41.5625,74.47365578,0,,,,,,,
74.91810022,1,,,,,,,,,16,41.625,74.58476689,1,,,,,,,
75.02921133,0,,,,,,,,,16,41.6875,74.695878,0,,,,,,,
75.14032244,1,,,,,,,,,16,41.75,74.80698911,4,,,,,,,
75.25143356,4,,,,,,,,,16,41.8125,74.91810022,1,,,,,,,
75.36254467,0,,,,,,,,,16,41.875,75.02921133,0,,,,,,,
75.47365578,1,,,,,,,,,16,41.9375,75.14032244,1,,,,,,,
75.58476689,0,,,,,,,,,16,42,75.25143356,4,,,,,,,
75.695878,4,,,,,,,,,16,42.0625,75.36254467,0,,,,,,,
75.80698911,1,,,,,,,,,16,42.125,75.47365578,1,,,,,,,
75.91810022,0,,,,,,,,,16,42.1875,75.58476689,0,,,,,,,
76.02921133,1,,,,,,,,,16,42.25,75.695878,4,,,,,,,
76.14032244,4,,,,,,,,,16,42.3125,75.80698911,1,,,,,,,
76.25143356,0,,,,,,,,,16,42.375,75.91810022,0,,,,,,,
76.36254467,1,,,,,,,,,16,42.4375,76.02921133,1,,,,,,,
76.47365578,0,,,,,,,,,16,42.5,76.14032244,4,,,,,,,
76.58476689,4,,,,,,,,,16,42.5625,76.25143356,0,,,,,,,
76.695878,1,,,,,,,,,16,42.625,76.36254467,1,,,,,,,
76.80698911,0,,,,,,,,,16,42.6875,76.47365578,0,,,,,,,
76.91810022,1,,,,,,,,,16,42.75,76.58476689,4,,,,,,,
77.02921133,4,,,,,,,,,16,42.8125,76.695878,1,,,,,,,
77.14032244,0,,,,,,,,,16,42.875,76.80698911,0,,,,,,,
77.25143356,1,,,,,,,,,16,42.9375,76.91810022,1,,,,,,,
77.36254467,0,,,,,,,,,16,43,77.02921133,4,,,,,,,
77.47365578,4,,,,,,,,,16,43.0625,77.14032244,0,,,,,,,
77.58476689,1,,,,,,,,,16,43.125,77.25143356,1,,,,,,,
77.695878,0,,,,,,,,,16,43.1875,77.36254467,0,,,,,,,
77.80698911,1,,,,,,,,,16,43.25,77.47365578,4,,,,,,,
77.91810022,4,,,,,,,,,16,43.3125,77.58476689,1,,,,,,,
78.02921133,0,,,,,,,,,16,43.375,77.695878,0,,,,,,,
78.14032244,1,,,,,,,,,16,43.4375,77.80698911,1,,,,,,,
78.25143356,0,,,,,,,,,16,43.5,77.91810022,4,,,,,,,
78.36254467,4,,,,,,,,,16,43.5625,78.02921133,0,,,,,,,
78.47365578,1,,,,,,,,,16,43.625,78.14032244,1,,,,,,,
78.58476689,0,,,,,,,,,16,43.6875,78.25143356,0,,,,,,,
78.695878,1,,,,,,,,,16,43.75,78.36254467,4,,,,,,,
78.80698911,0,,,,,,,,,16,43.8125,78.47365578,1,,,,,,,
78.91810022,1,,,,,,,,,16,43.875,78.58476689,0,,,,,,,
79.02921133,2,,,,,,,,,16,43.9375,78.695878,1,,,,16,43.9375,78.695878,1
79.14032244,1,,,,,,,,,16,44,78.80698911,0,3,,,16,44,78.80698911,3
79.25143356,0,,,,,,,,,16,44.0625,78.91810022,1,,,,4,44.25,79.25143356,3
79.36254467,2,,,,,,,,,16,44.125,79.02921133,2,,,,4,44.5,79.695878,3
79.47365578,1,,,,,,,,,16,44.1875,79.14032244,1,,,,4,44.75,80.14032244,3
79.58476689,2,,,,,,,,,16,44.25,79.25143356,0,3,,,4,45,80.58476689,3
79.695878,0,,,,,,,,,16,44.3125,79.36254467,2,,,,4,45.25,81.02921133,3
79.80698911,1,,,,,,,,,16,44.375,79.47365578,1,,,,4,45.5,81.47365578,3
79.91810022,2,,,,,,,,,16,44.4375,79.58476689,2,,,,4,45.75,81.91810022,3
80.02921133,1,,,,,,,,,16,44.5,79.695878,0,3,,,4,46,82.36254467,3
80.14032244,0,,,,,,,,,16,44.5625,79.80698911,1,,,,4,46.25,82.80698911,3
80.25143356,2,,,,,,,,,16,44.625,79.91810022,2,,,,4,46.5,83.25143356,3
80.36254467,1,,,,,,,,,16,44.6875,80.02921133,1,,,,4,46.75,83.695878,3
80.47365578,2,,,,,,,,,16,44.75,80.14032244,0,3,,,4,47,84.14032244,3
80.58476689,0,,,,,,,,,16,44.8125,80.25143356,2,,,,4,47.25,84.58476689,3
80.695878,1,,,,,,,,,16,44.875,80.36254467,1,,,,4,47.5,85.02921133,3
80.80698911,2,,,,,,,,,16,44.9375,80.47365578,2,,,,4,47.75,85.47365578,3
80.91810022,1,,,,,,,,,16,45,80.58476689,0,3,,,4,48,85.91810022,3
81.02921133,0,,,,,,,,,16,45.0625,80.695878,1,,,,4,48.25,86.36254467,3
81.14032244,2,,,,,,,,,16,45.125,80.80698911,2,,,,4,48.5,86.80698911,3
81.25143356,1,,,,,,,,,16,45.1875,80.91810022,1,,,,4,48.75,87.25143356,3
81.36254467,2,,,,,,,,,16,45.25,81.02921133,0,3,,,4,49,87.695878,3
81.47365578,0,,,,,,,,,16,45.3125,81.14032244,2,,,,4,49.25,88.14032244,3
81.58476689,1,,,,,,,,,16,45.375,81.25143356,1,,,,4,49.5,88.58476689,3
81.695878,2,,,,,,,,,16,45.4375,81.36254467,2,,,,4,49.75,89.02921133,3
81.80698911,1,,,,,,,,,16,45.5,81.47365578,0,3,,,4,50,89.47365578,3
81.91810022,0,,,,,,,,,16,45.5625,81.58476689,1,,,,4,50.25,89.91810022,3
82.02921133,2,,,,,,,,,16,45.625,81.695878,2,,,,4,50.5,90.36254467,3
82.14032244,1,,,,,,,,,16,45.6875,81.80698911,1,,,,4,50.75,90.80698911,3
82.25143356,2,,,,,,,,,16,45.75,81.91810022,0,3,,,4,51,91.25143356,3
82.36254467,0,,,,,,,,,16,45.8125,82.02921133,2,,,,4,51.25,91.695878,3
82.47365578,1,,,,,,,,,16,45.875,82.14032244,1,,,,4,51.5,92.14032244,3
82.58476689,2,,,,,,,,,16,45.9375,82.25143356,2,,,,4,51.75,92.58476689,3
82.695878,1,,,,,,,,,16,46,82.36254467,0,3,,,4,52,93.02921133,2
82.80698911,0,,,,,,,,,16,46.0625,82.47365578,1,,,,4,52.25,93.47365578,2
82.91810022,2,,,,,,,,,16,46.125,82.58476689,2,,,,4,52.5,93.91810022,2
83.02921133,1,,,,,,,,,16,46.1875,82.695878,1,,,,4,52.75,94.36254467,2
83.14032244,2,,,,,,,,,16,46.25,82.80698911,0,3,,,4,53,94.80698911,2
83.25143356,0,,,,,,,,,16,46.3125,82.91810022,2,,,,4,53.25,95.25143356,2
83.36254467,1,,,,,,,,,16,46.375,83.02921133,1,,,,4,53.5,95.695878,2
83.47365578,2,,,,,,,,,16,46.4375,83.14032244,2,,,,4,53.75,96.14032244,2
83.58476689,1,,,,,,,,,16,46.5,83.25143356,0,3,,,4,54,96.58476689,2
83.695878,0,,,,,,,,,16,46.5625,83.36254467,1,,,,4,54.25,97.02921133,2
83.80698911,2,,,,,,,,,16,46.625,83.47365578,2,,,,4,54.5,97.47365578,2
83.91810022,1,,,,,,,,,16,46.6875,83.58476689,1,,,,4,54.75,97.91810022,2
84.02921133,2,,,,,,,,,16,46.75,83.695878,0,3,,,4,55,98.36254467,2
84.14032244,0,,,,,,,,,16,46.8125,83.80698911,2,,,,4,55.25,98.80698911,2
84.25143356,1,,,,,,,,,16,46.875,83.91810022,1,,,,4,55.5,99.25143356,2
84.36254467,2,,,,,,,,,16,46.9375,84.02921133,2,,,,4,55.75,99.695878,2
84.47365578,1,,,,,,,,,16,47,84.14032244,0,3,,,4,56,100.1403224,2
84.58476689,0,,,,,,,,,16,47.0625,84.25143356,1,,,,4,56.25,100.5847669,2
84.695878,2,,,,,,,,,16,47.125,84.36254467,2,,,,4,56.5,101.0292113,2
84.80698911,1,,,,,,,,,16,47.1875,84.47365578,1,,,,4,56.75,101.4736558,2
84.91810022,2,,,,,,,,,16,47.25,84.58476689,0,3,,,4,57,101.9181002,2
85.02921133,0,,,,,,,,,16,47.3125,84.695878,2,,,,4,57.25,102.3625447,2
85.14032244,1,,,,,,,,,16,47.375,84.80698911,1,,,,4,57.5,102.8069891,2
85.25143356,2,,,,,,,,,16,47.4375,84.91810022,2,,,,4,57.75,103.2514336,2
85.36254467,1,,,,,,,,,16,47.5,85.02921133,0,3,,,4,58,103.695878,2
85.47365578,0,,,,,,,,,16,47.5625,85.14032244,1,,,,4,58.25,104.1403224,2
85.58476689,2,,,,,,,,,16,47.625,85.25143356,2,,,,4,58.5,104.5847669,2
85.695878,1,,,,,,,,,16,47.6875,85.36254467,1,,,,4,58.75,105.0292113,2
85.80698911,2,,,,,,,,,16,47.75,85.47365578,0,3,,,4,59,105.4736558,2
85.91810022,0,,,,,,,,,16,47.8125,85.58476689,2,,,,4,59.25,105.9181002,2
86.02921133,1,,,,,,,,,16,47.875,85.695878,1,,,,4,59.5,106.3625447,2
86.14032244,2,,,,,,,,,16,47.9375,85.80698911,2,,,,4,59.75,106.8069891,2
86.25143356,1,,,,,,,,,16,48,85.91810022,0,3,,,,,,
86.36254467,0,,,,,,,,,16,48.0625,86.02921133,1,,,,,,,
86.47365578,2,,,,,,,,,16,48.125,86.14032244,2,,,,,,,
86.58476689,1,,,,,,,,,16,48.1875,86.25143356,1,,,,,,,
86.695878,2,,,,,,,,,16,48.25,86.36254467,0,3,,,,,,
86.80698911,0,,,,,,,,,16,48.3125,86.47365578,2,,,,,,,
86.91810022,1,,,,,,,,,16,48.375,86.58476689,1,,,,,,,
87.02921133,2,,,,,,,,,16,48.4375,86.695878,2,,,,,,,
87.14032244,1,,,,,,,,,16,48.5,86.80698911,0,3,,,,,,
87.25143356,0,,,,,,,,,16,48.5625,86.91810022,1,,,,,,,
87.36254467,2,,,,,,,,,16,48.625,87.02921133,2,,,,,,,
87.47365578,1,,,,,,,,,16,48.6875,87.14032244,1,,,,,,,
87.58476689,2,,,,,,,,,16,48.75,87.25143356,0,3,,,,,,
87.695878,0,,,,,,,,,16,48.8125,87.36254467,2,,,,,,,
87.80698911,1,,,,,,,,,16,48.875,87.47365578,1,,,,,,,
87.91810022,2,,,,,,,,,16,48.9375,87.58476689,2,,,,,,,
88.02921133,1,,,,,,,,,16,49,87.695878,0,3,,,,,,
88.14032244,0,,,,,,,,,16,49.0625,87.80698911,1,,,,,,,
88.25143356,2,,,,,,,,,16,49.125,87.91810022,2,,,,,,,
88.36254467,1,,,,,,,,,16,49.1875,88.02921133,1,,,,,,,
88.47365578,2,,,,,,,,,16,49.25,88.14032244,0,3,,,,,,
88.58476689,0,,,,,,,,,16,49.3125,88.25143356,2,,,,,,,
88.695878,1,,,,,,,,,16,49.375,88.36254467,1,,,,,,,
88.80698911,2,,,,,,,,,16,49.4375,88.47365578,2,,,,,,,
88.91810022,1,,,,,,,,,16,49.5,88.58476689,0,3,,,,,,
89.02921133,0,,,,,,,,,16,49.5625,88.695878,1,,,,,,,
89.14032244,2,,,,,,,,,16,49.625,88.80698911,2,,,,,,,
89.25143356,1,,,,,,,,,16,49.6875,88.91810022,1,,,,,,,
89.36254467,2,,,,,,,,,16,49.75,89.02921133,0,3,,,,,,
89.47365578,0,,,,,,,,,16,49.8125,89.14032244,2,,,,,,,
89.58476689,1,,,,,,,,,16,49.875,89.25143356,1,,,,,,,
89.695878,2,,,,,,,,,16,49.9375,89.36254467,2,,,,,,,
89.80698911,1,,,,,,,,,16,50,89.47365578,0,3,,,,,,
89.91810022,0,,,,,,,,,16,50.0625,89.58476689,1,,,,,,,
90.02921133,2,,,,,,,,,16,50.125,89.695878,2,,,,,,,
90.14032244,1,,,,,,,,,16,50.1875,89.80698911,1,,,,,,,
90.25143356,2,,,,,,,,,16,50.25,89.91810022,0,3,,,,,,
90.36254467,0,,,,,,,,,16,50.3125,90.02921133,2,,,,,,,
90.47365578,1,,,,,,,,,16,50.375,90.14032244,1,,,,,,,
90.58476689,2,,,,,,,,,16,50.4375,90.25143356,2,,,,,,,
90.695878,1,,,,,,,,,16,50.5,90.36254467,0,3,,,,,,
90.80698911,0,,,,,,,,,16,50.5625,90.47365578,1,,,,,,,
90.91810022,2,,,,,,,,,16,50.625,90.58476689,2,,,,,,,
91.02921133,1,,,,,,,,,16,50.6875,90.695878,1,,,,,,,
91.14032244,2,,,,,,,,,16,50.75,90.80698911,0,3,,,,,,
91.25143356,0,,,,,,,,,16,50.8125,90.91810022,2,,,,,,,
91.36254467,1,,,,,,,,,16,50.875,91.02921133,1,,,,,,,
91.47365578,2,,,,,,,,,16,50.9375,91.14032244,2,,,,,,,
91.58476689,1,,,,,,,,,16,51,91.25143356,0,3,,,,,,
91.695878,0,,,,,,,,,16,51.0625,91.36254467,1,,,,,,,
91.80698911,2,,,,,,,,,16,51.125,91.47365578,2,,,,,,,
91.91810022,1,,,,,,,,,16,51.1875,91.58476689,1,,,,,,,
92.02921133,2,,,,,,,,,16,51.25,91.695878,0,3,,,,,,
92.14032244,0,,,,,,,,,16,51.3125,91.80698911,2,,,,,,,
92.25143356,1,,,,,,,,,16,51.375,91.91810022,1,,,,,,,
92.36254467,2,,,,,,,,,16,51.4375,92.02921133,2,,,,,,,
92.47365578,1,,,,,,,,,16,51.5,92.14032244,0,3,,,,,,
92.58476689,0,,,,,,,,,16,51.5625,92.25143356,1,,,,,,,
92.695878,2,,,,,,,,,16,51.625,92.36254467,2,,,,,,,
92.80698911,1,,,,,,,,,16,51.6875,92.47365578,1,,,,,,,
92.91810022,2,,,,,,,,,16,51.75,92.58476689,0,3,,,,,,
93.02921133,1,,,,,,,,,16,51.8125,92.695878,2,,,,,,,
93.14032244,3,,,,,,,,,16,51.875,92.80698911,1,,,,,,,
93.25143356,0,,,,,,,,,16,51.9375,92.91810022,2,,,,,,,
93.36254467,3,,,,,,,,,16,52,93.02921133,1,2,,,,,,
93.47365578,1,,,,,,,,,16,52.0625,93.14032244,3,,,,,,,
93.58476689,0,,,,,,,,,16,52.125,93.25143356,0,,,,,,,
93.695878,3,,,,,,,,,16,52.1875,93.36254467,3,,,,,,,
93.80698911,0,,,,,,,,,16,52.25,93.47365578,1,2,,,,,,
93.91810022,1,,,,,,,,,16,52.3125,93.58476689,0,,,,,,,
94.02921133,3,,,,,,,,,16,52.375,93.695878,3,,,,,,,
94.14032244,0,,,,,,,,,16,52.4375,93.80698911,0,,,,,,,
94.25143356,3,,,,,,,,,16,52.5,93.91810022,1,2,,,,,,
94.36254467,1,,,,,,,,,16,52.5625,94.02921133,3,,,,,,,
94.47365578,0,,,,,,,,,16,52.625,94.14032244,0,,,,,,,
94.58476689,3,,,,,,,,,16,52.6875,94.25143356,3,,,,,,,
94.695878,0,,,,,,,,,16,52.75,94.36254467,1,2,,,,,,
94.80698911,1,,,,,,,,,16,52.8125,94.47365578,0,,,,,,,
94.91810022,3,,,,,,,,,16,52.875,94.58476689,3,,,,,,,
95.02921133,0,,,,,,,,,16,52.9375,94.695878,0,,,,,,,
95.14032244,3,,,,,,,,,16,53,94.80698911,1,2,,,,,,
95.25143356,1,,,,,,,,,16,53.0625,94.91810022,3,,,,,,,
95.36254467,0,,,,,,,,,16,53.125,95.02921133,0,,,,,,,
95.47365578,3,,,,,,,,,16,53.1875,95.14032244,3,,,,,,,
95.58476689,0,,,,,,,,,16,53.25,95.25143356,1,2,,,,,,
95.695878,1,,,,,,,,,16,53.3125,95.36254467,0,,,,,,,
95.80698911,3,,,,,,,,,16,53.375,95.47365578,3,,,,,,,
95.91810022,0,,,,,,,,,16,53.4375,95.58476689,0,,,,,,,
96.02921133,3,,,,,,,,,16,53.5,95.695878,1,2,,,,,,
96.14032244,1,,,,,,,,,16,53.5625,95.80698911,3,,,,,,,
96.25143356,0,,,,,,,,,16,53.625,95.91810022,0,,,,,,,
96.36254467,3,,,,,,,,,16,53.6875,96.02921133,3,,,,,,,
96.47365578,0,,,,,,,,,16,53.75,96.14032244,1,2,,,,,,
96.58476689,1,,,,,,,,,16,53.8125,96.25143356,0,,,,,,,
96.695878,3,,,,,,,,,16,53.875,96.36254467,3,,,,,,,
96.80698911,0,,,,,,,,,16,53.9375,96.47365578,0,,,,,,,
96.91810022,3,,,,,,,,,16,54,96.58476689,1,2,,,,,,
97.02921133,1,,,,,,,,,16,54.0625,96.695878,3,,,,,,,
97.14032244,0,,,,,,,,,16,54.125,96.80698911,0,,,,,,,
97.25143356,3,,,,,,,,,16,54.1875,96.91810022,3,,,,,,,
97.36254467,0,,,,,,,,,16,54.25,97.02921133,1,2,,,,,,
97.47365578,1,,,,,,,,,16,54.3125,97.14032244,0,,,,,,,
97.58476689,3,,,,,,,,,16,54.375,97.25143356,3,,,,,,,
97.695878,0,,,,,,,,,16,54.4375,97.36254467,0,,,,,,,
97.80698911,3,,,,,,,,,16,54.5,97.47365578,1,2,,,,,,
97.91810022,1,,,,,,,,,16,54.5625,97.58476689,3,,,,,,,
98.02921133,0,,,,,,,,,16,54.625,97.695878,0,,,,,,,
98.14032244,3,,,,,,,,,16,54.6875,97.80698911,3,,,,,,,
98.25143356,0,,,,,,,,,16,54.75,97.91810022,1,2,,,,,,
98.36254467,1,,,,,,,,,16,54.8125,98.02921133,0,,,,,,,
98.47365578,3,,,,,,,,,16,54.875,98.14032244,3,,,,,,,
98.58476689,0,,,,,,,,,16,54.9375,98.25143356,0,,,,,,,
98.695878,3,,,,,,,,,16,55,98.36254467,1,2,,,,,,
98.80698911,1,,,,,,,,,16,55.0625,98.47365578,3,,,,,,,
98.91810022,0,,,,,,,,,16,55.125,98.58476689,0,,,,,,,
99.02921133,3,,,,,,,,,16,55.1875,98.695878,3,,,,,,,
99.14032244,0,,,,,,,,,16,55.25,98.80698911,1,2,,,,,,
99.25143356,1,,,,,,,,,16,55.3125,98.91810022,0,,,,,,,
99.36254467,3,,,,,,,,,16,55.375,99.02921133,3,,,,,,,
99.47365578,0,,,,,,,,,16,55.4375,99.14032244,0,,,,,,,
99.58476689,3,,,,,,,,,16,55.5,99.25143356,1,2,,,,,,
99.695878,1,,,,,,,,,16,55.5625,99.36254467,3,,,,,,,
99.80698911,0,,,,,,,,,16,55.625,99.47365578,0,,,,,,,
99.91810022,3,,,,,,,,,16,55.6875,99.58476689,3,,,,,,,
100.0292113,0,,,,,,,,,16,55.75,99.695878,1,2,,,,,,
100.1403224,1,,,,,,,,,16,55.8125,99.80698911,0,,,,,,,
100.2514336,3,,,,,,,,,16,55.875,99.91810022,3,,,,,,,
100.3625447,0,,,,,,,,,16,55.9375,100.0292113,0,,,,,,,
100.4736558,3,,,,,,,,,16,56,100.1403224,1,2,,,,,,
100.5847669,1,,,,,,,,,16,56.0625,100.2514336,3,,,,,,,
100.695878,0,,,,,,,,,16,56.125,100.3625447,0,,,,,,,
100.8069891,3,,,,,,,,,16,56.1875,100.4736558,3,,,,,,,
100.9181002,0,,,,,,,,,16,56.25,100.5847669,1,2,,,,,,
101.0292113,1,,,,,,,,,16,56.3125,100.695878,0,,,,,,,
101.1403224,3,,,,,,,,,16,56.375,100.8069891,3,,,,,,,
101.2514336,0,,,,,,,,,16,56.4375,100.9181002,0,,,,,,,
101.3625447,3,,,,,,,,,16,56.5,101.0292113,1,2,,,,,,
101.4736558,1,,,,,,,,,16,56.5625,101.1403224,3,,,,,,,
101.5847669,0,,,,,,,,,16,56.625,101.2514336,0,,,,,,,
101.695878,3,,,,,,,,,16,56.6875,101.3625447,3,,,,,,,
101.8069891,0,,,,,,,,,16,56.75,101.4736558,1,2,,,,,,
101.9181002,1,,,,,,,,,16,56.8125,101.5847669,0,,,,,,,
102.0292113,3,,,,,,,,,16,56.875,101.695878,3,,,,,,,
102.1403224,0,,,,,,,,,16,56.9375,101.8069891,0,,,,,,,
102.2514336,3,,,,,,,,,16,57,101.9181002,1,2,,,,,,
102.3625447,1,,,,,,,,,16,57.0625,102.0292113,3,,,,,,,
102.4736558,0,,,,,,,,,16,57.125,102.1403224,0,,,,,,,
102.5847669,3,,,,,,,,,16,57.1875,102.2514336,3,,,,,,,
102.695878,0,,,,,,,,,16,57.25,102.3625447,1,2,,,,,,
102.8069891,1,,,,,,,,,16,57.3125,102.4736558,0,,,,,,,
102.9181002,3,,,,,,,,,16,57.375,102.5847669,3,,,,,,,
103.0292113,0,,,,,,,,,16,57.4375,102.695878,0,,,,,,,
103.1403224,3,,,,,,,,,16,57.5,102.8069891,1,2,,,,,,
103.2514336,1,,,,,,,,,16,57.5625,102.9181002,3,,,,,,,
103.3625447,0,,,,,,,,,16,57.625,103.0292113,0,,,,,,,
103.4736558,3,,,,,,,,,16,57.6875,103.1403224,3,,,,,,,
103.5847669,0,,,,,,,,,16,57.75,103.2514336,1,2,,,,,,
103.695878,1,,,,,,,,,16,57.8125,103.3625447,0,,,,,,,
103.8069891,3,,,,,,,,,16,57.875,103.4736558,3,,,,,,,
103.9181002,0,,,,,,,,,16,57.9375,103.5847669,0,,,,,,,
104.0292113,3,,,,,,,,,16,58,103.695878,1,2,,,,,,
104.1403224,1,,,,,,,,,16,58.0625,103.8069891,3,,,,,,,
104.2514336,0,,,,,,,,,16,58.125,103.9181002,0,,,,,,,
104.3625447,3,,,,,,,,,16,58.1875,104.0292113,3,,,,,,,
104.4736558,0,,,,,,,,,16,58.25,104.1403224,1,2,,,,,,
104.5847669,1,,,,,,,,,16,58.3125,104.2514336,0,,,,,,,
104.695878,3,,,,,,,,,16,58.375,104.3625447,3,,,,,,,
104.8069891,0,,,,,,,,,16,58.4375,104.4736558,0,,,,,,,
104.9181002,3,,,,,,,,,16,58.5,104.5847669,1,2,,,,,,
105.0292113,1,,,,,,,,,16,58.5625,104.695878,3,,,,,,,
105.1403224,0,,,,,,,,,16,58.625,104.8069891,0,,,,,,,
105.2514336,3,,,,,,,,,16,58.6875,104.9181002,3,,,,,,,
105.3625447,0,,,,,,,,,16,58.75,105.0292113,1,2,,,,,,
105.4736558,1,,,,,,,,,16,58.8125,105.1403224,0,,,,,,,
105.5847669,3,,,,,,,,,16,58.875,105.2514336,3,,,,,,,
105.695878,0,,,,,,,,,16,58.9375,105.3625447,0,,,,,,,
105.8069891,3,,,,,,,,,16,59,105.4736558,1,2,,,,,,
105.9181002,1,,,,,,,,,16,59.0625,105.5847669,3,,,,,,,
106.0292113,0,,,,,,,,,16,59.125,105.695878,0,,,,,,,
106.1403224,3,,,,,,,,,16,59.1875,105.8069891,3,,,,,,,
106.2514336,0,,,,,,,,,16,59.25,105.9181002,1,2,,,,,,
106.3625447,1,,,,,,,,,16,59.3125,106.0292113,0,,,,,,,
106.4736558,3,,,,,,,,,16,59.375,106.1403224,3,,,,,,,
106.5847669,0,,,,,,,,,16,59.4375,106.2514336,0,,,,,,,
106.695878,3,,,,,,,,,16,59.5,106.3625447,1,2,,,,,,
106.8069891,1,,,,,,,,,16,59.5625,106.4736558,3,,,,,,,
106.9181002,0,,,,,,,,,16,59.625,106.5847669,0,,,,,,,
107.0292113,3,,,,,,,,,16,59.6875,106.695878,3,,,,,,,
107.1403224,0,,,,,,,,,16,59.75,106.8069891,1,2,,,,,,
78.80698911,3,,,,,,,,,16,59.8125,106.9181002,0,,,,,,,
79.25143356,3,,,,,,,,,16,59.875,107.0292113,3,,,,,,,
79.695878,3,,,,,,,,,16,59.9375,107.1403224,0,,,,,,,
80.14032244,3,,,,,,,,,,,,,,,,,,,
80.58476689,3,,,,,,,,,,,,,,,,,,,
81.02921133,3,,,,,,,,,,,,,,,,,,,
81.47365578,3,,,,,,,,,,,,,,,,,,,
81.91810022,3,,,,,,,,,,,,,,,,,,,
82.36254467,3,,,,,,,,,,,,,,,,,,,
82.80698911,3,,,,,,,,,,,,,,,,,,,
83.25143356,3,,,,,,,,,,,,,,,,,,,
83.695878,3,,,,,,,,,,,,,,,,,,,
84.14032244,3,,,,,,,,,,,,,,,,,,,
84.58476689,3,,,,,,,,,,,,,,,,,,,
85.02921133,3,,,,,,,,,,,,,,,,,,,
85.47365578,3,,,,,,,,,,,,,,,,,,,
85.91810022,3,,,,,,,,,,,,,,,,,,,
86.36254467,3,,,,,,,,,,,,,,,,,,,
86.80698911,3,,,,,,,,,,,,,,,,,,,
87.25143356,3,,,,,,,,,,,,,,,,,,,
87.695878,3,,,,,,,,,,,,,,,,,,,
88.14032244,3,,,,,,,,,,,,,,,,,,,
88.58476689,3,,,,,,,,,,,,,,,,,,,
89.02921133,3,,,,,,,,,,,,,,,,,,,
89.47365578,3,,,,,,,,,,,,,,,,,,,
89.91810022,3,,,,,,,,,,,,,,,,,,,
90.36254467,3,,,,,,,,,,,,,,,,,,,
90.80698911,3,,,,,,,,,,,,,,,,,,,
91.25143356,3,,,,,,,,,,,,,,,,,,,
91.695878,3,,,,,,,,,,,,,,,,,,,
92.14032244,3,,,,,,,,,,,,,,,,,,,
92.58476689,3,,,,,,,,,,,,,,,,,,,
93.02921133,2,,,,,,,,,,,,,,,,,,,
93.47365578,2,,,,,,,,,,,,,,,,,,,
93.91810022,2,,,,,,,,,,,,,,,,,,,
94.36254467,2,,,,,,,,,,,,,,,,,,,
94.80698911,2,,,,,,,,,,,,,,,,,,,
95.25143356,2,,,,,,,,,,,,,,,,,,,
95.695878,2,,,,,,,,,,,,,,,,,,,
96.14032244,2,,,,,,,,,,,,,,,,,,,
96.58476689,2,,,,,,,,,,,,,,,,,,,
97.02921133,2,,,,,,,,,,,,,,,,,,,
97.47365578,2,,,,,,,,,,,,,,,,,,,
97.91810022,2,,,,,,,,,,,,,,,,,,,
98.36254467,2,,,,,,,,,,,,,,,,,,,
98.80698911,2,,,,,,,,,,,,,,,,,,,
99.25143356,2,,,,,,,,,,,,,,,,,,,
99.695878,2,,,,,,,,,,,,,,,,,,,
100.1403224,2,,,,,,,,,,,,,,,,,,,
100.5847669,2,,,,,,,,,,,,,,,,,,,
101.0292113,2,,,,,,,,,,,,,,,,,,,
101.4736558,2,,,,,,,,,,,,,,,,,,,
101.9181002,2,,,,,,,,,,,,,,,,,,,
102.3625447,2,,,,,,,,,,,,,,,,,,,
102.8069891,2,,,,,,,,,,,,,,,,,,,
103.2514336,2,,,,,,,,,,,,,,,,,,,
103.695878,2,,,,,,,,,,,,,,,,,,,
104.1403224,2,,,,,,,,,,,,,,,,,,,
104.5847669,2,,,,,,,,,,,,,,,,,,,
105.0292113,2,,,,,,,,,,,,,,,,,,,
105.4736558,2,,,,,,,,,,,,,,,,,,,
105.9181002,2,,,,,,,,,,,,,,,,,,,
106.3625447,2,,,,,,,,,,,,,,,,,,,
106.8069891,2,,,,,,,,,,,,,,,,,,,
