0.870247316,57,,,,,,Level,BPM,Preview,Start,End,,1,1.518987342,,,,,,,,,,,,
3.148728329,3,,,,,,,,,,,,2,0.759493671,,,1,2.388734658,,,,,,,,
3.196196683,2,,,,,,,,,,,,4,0.379746835,,4,1.25,2.768481493,,,,,,,,
3.243665038,1,,,,,,,,,,,,6,0.253164557,,4,1.5,3.148228329,3,,,,,,,
3.291133392,0,,,,,,,,,,,,8,0.189873418,,32,1.53125,3.195696683,2,,,,,,,
3.338601746,3,,,,,,,,,,,,12,0.126582278,,32,1.5625,3.243165038,1,,,,,,,
3.386070101,2,,,,,,,,,,,,16,0.094936709,,32,1.59375,3.290633392,0,,,,,,,
3.433538455,1,,,,,,,,,,,,24,0.063291139,,32,1.625,3.338101746,3,,,,,,,
3.48100681,0,,,,,,,,,,,,32,0.047468354,,32,1.65625,3.385570101,2,,,,,,,
3.528475164,4,,,,,,,,,,,,,,,32,1.6875,3.433038455,1,,,,,,,
3.908222,0,,,,,,,,,,,,,,,32,1.71875,3.48050681,0,,,,,,,
4.287968835,1,,,,,,,,,,,,,,,32,1.75,3.527975164,4,,,,,,,
4.66771567,0,,,,,,,,,,,,,,,4,2,3.907722,0,3,,,,,,
5.047462506,1,,,,,,,,,,,,,,,4,2.25,4.287468835,1,2,,,,,,
5.427209341,2,,,,,,,,,,,,,,,4,2.5,4.66721567,0,3,,,,,,
5.617082759,1,,,,,,,,,,,,,,,4,2.75,5.046962506,1,2,,,,,,
5.806956177,0,,,,,,,,,,,,,,,4,3,5.426709341,2,3,,,,,,
5.996829594,4,,,,,,,,,,,,,,,8,3.125,5.616582759,1,2,,,,,,
6.946196683,4,q,,,,,,,,,,,,,,8,3.25,5.806456177,0,1,,,,,,
7.136070101,2,,,,,,,,,,,,,,,8,3.375,5.996329594,4,,,,,,,
7.325943519,1,,,,,,,,,,,,,,,2,3.875,6.755823265,,,,,,,,
7.515816936,0,,,,,,,,,,,,,,,8,4,6.945696683,4,,,,,,,
7.705690354,0,,,,,,,,,,,,,,,8,4.125,7.135570101,2,3,,,,,,
7.895563772,1,,,,,,,,,,,,,,,8,4.25,7.325443519,1,2,,,,,,
8.085437189,2,,,,,,,,,,,,,,,8,4.375,7.515316936,0,1,,,,,,
8.275310607,4,,,,,,,,,,,,,,,8,4.5,7.705190354,0,1,,,,,,
8.655057443,4,,,,,,,,,,,,,,,8,4.625,7.895063772,1,2,,,,,,
9.034804278,4,,,,,,,,,,,,,,,8,4.75,8.084937189,2,3,,,,,,
9.224677696,4,,,,,,,,,,,,,,,8,4.875,8.274810607,4,,,,,,,
9.984171367,3,,,,,,,,,,,,,,,4,5.125,8.654557443,4,,,,,,,
10.07910808,2,,,,,,,,,,,,,,,4,5.375,9.034304278,4,,,,,,,
10.17404478,1,,,,,,,,,,,,,,,8,5.5,9.224177696,4,,,,,,,
10.26898149,0,,,,,,,,,,,,,,,2,6,9.983671367,3,a,,,,,,
10.3639182,3,,,,,,,,,,,,,,,16,6.0625,10.07860808,2,,,,,,,
10.45885491,2,,,,,,,,,,,,,,,16,6.125,10.17354478,1,,,,,,,
10.55379162,0,,,,,,,,,,,,,,,16,6.1875,10.26848149,0,,,,,,,
10.64872833,1,,,,,,,,,,,,,,,16,6.25,10.3634182,3,,,,,,,
10.74366504,3,,,,,,,,,,,,,,,16,6.3125,10.45835491,2,,,,,,,
10.83860175,2,,,,,,,,,,,,,,,16,6.375,10.55329162,0,,,,,,,
10.93353846,1,,,,,,,,,,,,,,,16,6.4375,10.64822833,1,,,,,,,
11.02847516,0,,,,,,,,,,,,,,,16,6.5,10.74316504,3,,,,,,,
11.12341187,3,,,,,,,,,,,,,,,16,6.5625,10.83810175,2,,,,,,,
11.21834858,2,,,,,,,,,,,,,,,16,6.625,10.93303846,1,,,,,,,
11.31328529,0,,,,,,,,,,,,,,,16,6.6875,11.02797516,0,,,,,,,
11.408222,1,,,,,,,,,,,,,,,16,6.75,11.12291187,3,,,,,,,
11.50315871,3,,,,,,,,,,,,,,,16,6.8125,11.21784858,2,,,,,,,
11.59809542,2,,,,,,,,,,,,,,,16,6.875,11.31278529,0,,,,,,,
11.69303213,1,,,,,,,,,,,,,,,16,6.9375,11.407722,1,,,,,,,
11.78796883,0,,,,,,,,,,,,,,,16,7,11.50265871,3,,,,,,,
11.88290554,3,,,,,,,,,,,,,,,16,7.0625,11.59759542,2,,,,,,,
11.97784225,2,,,,,,,,,,,,,,,16,7.125,11.69253213,1,,,,,,,
12.07277896,0,,,,,,,,,,,,,,,16,7.1875,11.78746883,0,,,,,,,
12.16771567,1,,,,,,,,,,,,,,,16,7.25,11.88240554,3,,,,,,,
12.26265238,3,,,,,,,,,,,,,,,16,7.3125,11.97734225,2,,,,,,,
12.35758909,2,,,,,,,,,,,,,,,16,7.375,12.07227896,0,,,,,,,
12.4525258,1,,,,,,,,,,,,,,,16,7.4375,12.16721567,1,,,,,,,
12.54746251,0,,,,,,,,,,,,,,,16,7.5,12.26215238,3,,,,,,,
12.64239921,3,,,,,,,,,,,,,,,16,7.5625,12.35708909,2,,,,,,,
12.73733592,2,,,,,,,,,,,,,,,16,7.625,12.4520258,1,,,,,,,
12.83227263,0,,,,,,,,,,,,,,,16,7.6875,12.54696251,0,,,,,,,
12.92720934,1,,,,,,,,,,,,,,,16,7.75,12.64189921,3,,,,,,,
13.02214605,3,,,,,,,,,,,,,,,16,7.8125,12.73683592,2,,,,,,,
13.11708276,2,,,,,,,,,,,,,,,16,7.875,12.83177263,0,,,,,,,
13.21201947,1,,,,,,,,,,,,,,,16,7.9375,12.92670934,1,,,,,,,
13.30695618,0,,,,,,,,,,,,,,,16,8,13.02164605,3,,,,,,,
13.40189289,3,,,,,,,,,,,,,,,16,8.0625,13.11658276,2,,,,,,,
13.49682959,2,,,,,,,,,,,,,,,16,8.125,13.21151947,1,,,,,,,
13.5917663,0,,,,,,,,,,,,,,,16,8.1875,13.30645618,0,,,,,,,
13.68670301,1,,,,,,,,,,,,,,,16,8.25,13.40139289,3,,,,,,,
13.78163972,3,,,,,,,,,,,,,,,16,8.3125,13.49632959,2,,,,,,,
13.87657643,2,,,,,,,,,,,,,,,16,8.375,13.5912663,0,,,,,,,
13.97151314,1,,,,,,,,,,,,,,,16,8.4375,13.68620301,1,,,,,,,
14.06644985,0,,,,,,,,,,,,,,,16,8.5,13.78113972,3,,,,,,,
14.16138656,3,,,,,,,,,,,,,,,16,8.5625,13.87607643,2,,,,,,,
14.25632327,2,,,,,,,,,,,,,,,16,8.625,13.97101314,1,,,,,,,
14.35125997,0,,,,,,,,,,,,,,,16,8.6875,14.06594985,0,,,,,,,
14.44619668,1,,,,,,,,,,,,,,,16,8.75,14.16088656,3,,,,,,,
14.54113339,3,,,,,,,,,,,,,,,16,8.8125,14.25582327,2,,,,,,,
14.58860175,2,,,,,,,,,,,,,,,16,8.875,14.35075997,0,,,,,,,
14.6360701,1,,,,,,,,,,,,,,,16,8.9375,14.44569668,1,,,,,,,
14.68353846,0,,,,,,,,,,,,,,,16,9,14.54063339,3,,,,,,,
14.73100681,3,,,,,,,,,,,,,,,32,9.03125,14.58810175,2,,,,,,,
14.77847516,2,,,,,,,,,,,,,,,32,9.0625,14.6355701,1,,,,,,,
14.82594352,1,,,,,,,,,,,,,,,32,9.09375,14.68303846,0,,,,,,,
14.87341187,0,,,,,,,,,,,,,,,32,9.125,14.73050681,3,,,,,,,
14.92088023,3,,,,,,,,,,,,,,,32,9.15625,14.77797516,2,,,,,,,
14.96834858,2,,,,,,,,,,,,,,,32,9.1875,14.82544352,1,,,,,,,
15.01581694,1,,,,,,,,,,,,,,,32,9.21875,14.87291187,0,,,,,,,
15.06328529,0,,,,,,,,,,,,,,,32,9.25,14.92038023,3,,,,,,,
15.11075365,3,,,,,,,,,,,,,,,32,9.28125,14.96784858,2,,,,,,,
15.158222,2,,,,,,,,,,,,,,,32,9.3125,15.01531694,1,,,,,,,
15.20569035,1,,,,,,,,,,,,,,,32,9.34375,15.06278529,0,,,,,,,
15.25315871,0,,,,,,,,,,,,,,,32,9.375,15.11025365,3,,,,,,,
15.30062706,3,,,,,,,,,,,,,,,32,9.40625,15.157722,2,,,,,,,
15.34809542,2,,,,,,,,,,,,,,,32,9.4375,15.20519035,1,,,,,,,
15.39556377,1,,,,,,,,,,,,,,,32,9.46875,15.25265871,0,,,,,,,
15.44303213,0,,,,,,,,,,,,,,,32,9.5,15.30012706,3,,,,,,,
15.49050048,3,,,,,,,,,,,,,,,32,9.53125,15.34759542,2,,,,,,,
15.53796883,2,,,,,,,,,,,,,,,32,9.5625,15.39506377,1,,,,,,,
15.58543719,1,,,,,,,,,,,,,,,32,9.59375,15.44253213,0,,,,,,,
15.63290554,0,,,,,,,,,,,,,,,32,9.625,15.49000048,3,,,,,,,
15.6803739,3,,,,,,,,,,,,,,,32,9.65625,15.53746883,2,,,,,,,
15.72784225,2,,,,,,,,,,,,,,,32,9.6875,15.58493719,1,,,,,,,
15.77531061,1,,,,,,,,,,,,,,,32,9.71875,15.63240554,0,,,,,,,
15.82277896,0,,,,,,,,,,,,,,,32,9.75,15.6798739,3,,,,,,,
15.87024732,3,,,,,,,,,,,,,,,32,9.78125,15.72734225,2,,,,,,,
15.91771567,2,,,,,,,,,,,,,,,32,9.8125,15.77481061,1,,,,,,,
15.96518402,1,,,,,,,,,,,,,,,32,9.84375,15.82227896,0,,,,,,,
16.01265238,0,,,,,,,,,,,,,,,32,9.875,15.86974732,3,,,,,,,
16.06012073,3,,,,,,,,,,,,,,,32,9.90625,15.91721567,2,,,,,,,
16.15505744,2,,,,,,,,,,,,,,,32,9.9375,15.96468402,1,,,,,,,
16.24999415,0,,,,,,,,,,,,,,,32,9.96875,16.01215238,0,,,,,,,
16.34493086,1,,,,,,,,,,,,,,,32,10,16.05962073,3,,,,,,,
16.43986757,3,,,,,,,,,,,,,,,16,10.0625,16.15455744,2,,,,,,,
16.53480428,2,,,,,,,,,,,,,,,16,10.125,16.24949415,0,,,,,,,
16.62974099,1,,,,,,,,,,,,,,,16,10.1875,16.34443086,1,,,,,,,
16.7246777,0,,,,,,,,,,,,,,,16,10.25,16.43936757,3,,,,,,,
16.8196144,3,,,,,,,,,,,,,,,16,10.3125,16.53430428,2,,,,,,,
16.91455111,2,,,,,,,,,,,,,,,16,10.375,16.62924099,1,,,,,,,
17.00948782,0,,,,,,,,,,,,,,,16,10.4375,16.7241777,0,,,,,,,
17.10442453,1,,,,,,,,,,,,,,,16,10.5,16.8191144,3,,,,,,,
17.19936124,3,,,,,,,,,,,,,,,16,10.5625,16.91405111,2,,,,,,,
17.29429795,2,,,,,,,,,,,,,,,16,10.625,17.00898782,0,,,,,,,
17.38923466,1,,,,,,,,,,,,,,,16,10.6875,17.10392453,1,,,,,,,
17.48417137,0,,,,,,,,,,,,,,,16,10.75,17.19886124,3,,,,,,,
17.57910808,3,,,,,,,,,,,,,,,16,10.8125,17.29379795,2,,,,,,,
17.67404478,2,,,,,,,,,,,,,,,16,10.875,17.38873466,1,,,,,,,
17.76898149,0,,,,,,,,,,,,,,,16,10.9375,17.48367137,0,,,,,,,
17.8639182,1,,,,,,,,,,,,,,,16,11,17.57860808,3,,,,,,,
17.95885491,3,,,,,,,,,,,,,,,16,11.0625,17.67354478,2,,,,,,,
18.05379162,2,,,,,,,,,,,,,,,16,11.125,17.76848149,0,,,,,,,
18.14872833,1,,,,,,,,,,,,,,,16,11.1875,17.8634182,1,,,,,,,
18.24366504,0,,,,,,,,,,,,,,,16,11.25,17.95835491,3,,,,,,,
18.33860175,3,,,,,,,,,,,,,,,16,11.3125,18.05329162,2,,,,,,,
18.43353846,2,,,,,,,,,,,,,,,16,11.375,18.14822833,1,,,,,,,
18.52847516,0,,,,,,,,,,,,,,,16,11.4375,18.24316504,0,,,,,,,
18.62341187,1,,,,,,,,,,,,,,,16,11.5,18.33810175,3,,,,,,,
18.71834858,3,,,,,,,,,,,,,,,16,11.5625,18.43303846,2,,,,,,,
18.81328529,2,,,,,,,,,,,,,,,16,11.625,18.52797516,0,,,,,,,
18.908222,1,,,,,,,,,,,,,,,16,11.6875,18.62291187,1,,,,,,,
19.00315871,0,,,,,,,,,,,,,,,16,11.75,18.71784858,3,,,,,,,
19.09809542,3,,,,,,,,,,,,,,,16,11.8125,18.81278529,2,,,,,,,
19.19303213,2,,,,,,,,,,,,,,,16,11.875,18.907722,1,,,,,,,
19.28796883,0,,,,,,,,,,,,,,,16,11.9375,19.00265871,0,,,,,,,
19.38290554,1,,,,,,,,,,,,,,,16,12,19.09759542,3,,,,,,,
19.47784225,3,,,,,,,,,,,,,,,16,12.0625,19.19253213,2,,,,,,,
19.57277896,2,,,,,,,,,,,,,,,16,12.125,19.28746883,0,,,,,,,
19.66771567,1,,,,,,,,,,,,,,,16,12.1875,19.38240554,1,,,,,,,
19.76265238,0,,,,,,,,,,,,,,,16,12.25,19.47734225,3,,,,,,,
19.85758909,3,,,,,,,,,,,,,,,16,12.3125,19.57227896,2,,,,,,,
19.9525258,2,,,,,,,,,,,,,,,16,12.375,19.66721567,1,,,,,,,
20.04746251,0,,,,,,,,,,,,,,,16,12.4375,19.76215238,0,,,,,,,
20.14239921,1,,,,,,,,,,,,,,,16,12.5,19.85708909,3,,,,,,,
20.23733592,3,,,,,,,,,,,,,,,16,12.5625,19.9520258,2,,,,,,,
20.33227263,2,,,,,,,,,,,,,,,16,12.625,20.04696251,0,,,,,,,
20.42720934,1,sabi,,,,,,,,,,,,,,16,12.6875,20.14189921,1,,,,,,,
20.52214605,0,,,,,,,,,,,,,,,16,12.75,20.23683592,3,,,,,,,
20.61708276,3,,,,,,,,,,,,,,,16,12.8125,20.33177263,2,,,,,,,
20.66455111,2,,,,,,,,,,,,,,,16,12.875,20.42670934,1,,,,,,,
20.71201947,1,,,,,,,,,,,,,,,16,12.9375,20.52164605,0,,,,,,,
20.75948782,0,,,,,,,,,,,,,,,16,13,20.61658276,3,,,,,,,
20.80695618,3,,,,,,,,,,,,,,,32,13.03125,20.66405111,2,,,,,,,
20.85442453,2,,,,,,,,,,,,,,,32,13.0625,20.71151947,1,,,,,,,
20.90189289,1,,,,,,,,,,,,,,,32,13.09375,20.75898782,0,,,,,,,
20.94936124,0,,,,,,,,,,,,,,,32,13.125,20.80645618,3,,,,,,,
20.99682959,3,,,,,,,,,,,,,,,32,13.15625,20.85392453,2,,,,,,,
21.04429795,2,,,,,,,,,,,,,,,32,13.1875,20.90139289,1,,,,,,,
21.0917663,1,,,,,,,,,,,,,,,32,13.21875,20.94886124,0,,,,,,,
21.13923466,0,,,,,,,,,,,,,,,32,13.25,20.99632959,3,,,,,,,
21.18670301,3,,,,,,,,,,,,,,,32,13.28125,21.04379795,2,,,,,,,
21.23417137,2,,,,,,,,,,,,,,,32,13.3125,21.0912663,1,,,,,,,
21.28163972,1,,,,,,,,,,,,,,,32,13.34375,21.13873466,0,,,,,,,
21.32910808,0,,,,,,,,,,,,,,,32,13.375,21.18620301,3,,,,,,,
21.37657643,3,,,,,,,,,,,,,,,32,13.40625,21.23367137,2,,,,,,,
21.42404478,2,,,,,,,,,,,,,,,32,13.4375,21.28113972,1,,,,,,,
21.47151314,1,,,,,,,,,,,,,,,32,13.46875,21.32860808,0,,,,,,,
21.51898149,0,,,,,,,,,,,,,,,32,13.5,21.37607643,3,,,,,,,
21.56644985,3,,,,,,,,,,,,,,,32,13.53125,21.42354478,2,,,,,,,
21.6139182,2,,,,,,,,,,,,,,,32,13.5625,21.47101314,1,,,,,,,
21.66138656,1,,,,,,,,,,,,,,,32,13.59375,21.51848149,0,,,,,,,
21.70885491,0,,,,,,,,,,,,,,,32,13.625,21.56594985,3,,,,,,,
21.75632327,4,,,,,,,,,,,,,,,32,13.65625,21.6134182,2,,,,,,,
22.1360701,0,,,,,,,,,,,,,,,32,13.6875,21.66088656,1,,,,,,,
22.23100681,1,,,,,,,,,,,,,,,32,13.71875,21.70835491,0,,,,,,,
22.32594352,2,,,,,,,,,,,,,,,32,13.75,21.75582327,4,,,,,,,
22.42088023,3,,,,,,,,,,,,,,,4,14,22.1355701,0,,,,,,,
22.51581694,0,,,,,,,,,,,,,,,16,14.0625,22.23050681,1,,,,,,,
22.61075365,1,,,,,,,,,,,,,,,16,14.125,22.32544352,2,,,,,,,
22.70569035,3,,,,,,,,,,,,,,,16,14.1875,22.42038023,3,,,,,,,
22.80062706,2,,,,,,,,,,,,,,,16,14.25,22.51531694,0,,,,,,,
22.89556377,0,,,,,,,,,,,,,,,16,14.3125,22.61025365,1,,,,,,,
22.99050048,1,,,,,,,,,,,,,,,16,14.375,22.70519035,3,,,,,,,
23.08543719,2,,,,,,,,,,,,,,,16,14.4375,22.80012706,2,,,,,,,
23.1803739,3,,,,,,,,,,,,,,,16,14.5,22.89506377,0,,,,,,,
23.27531061,0,,,,,,,,,,,,,,,16,14.5625,22.99000048,1,,,,,,,
23.37024732,1,,,,,,,,,,,,,,,16,14.625,23.08493719,2,,,,,,,
23.46518402,3,,,,,,,,,,,,,,,16,14.6875,23.1798739,3,,,,,,,
23.56012073,2,,,,,,,,,,,,,,,16,14.75,23.27481061,0,,,,,,,
23.65505744,0,,,,,,,,,,,,,,,16,14.8125,23.36974732,1,,,,,,,
23.74999415,1,,,,,,,,,,,,,,,16,14.875,23.46468402,3,,,,,,,
23.84493086,2,,,,,,,,,,,,,,,16,14.9375,23.55962073,2,,,,,,,
23.93986757,3,,,,,,,,,,,,,,,16,15,23.65455744,0,,,,,,,
24.03480428,0,,,,,,,,,,,,,,,16,15.0625,23.74949415,1,,,,,,,
24.12974099,1,,,,,,,,,,,,,,,16,15.125,23.84443086,2,,,,,,,
24.2246777,3,,,,,,,,,,,,,,,16,15.1875,23.93936757,3,,,,,,,
24.3196144,2,,,,,,,,,,,,,,,16,15.25,24.03430428,0,,,,,,,
24.41455111,0,,,,,,,,,,,,,,,16,15.3125,24.12924099,1,,,,,,,
24.50948782,1,,,,,,,,,,,,,,,16,15.375,24.2241777,3,,,,,,,
24.60442453,2,,,,,,,,,,,,,,,16,15.4375,24.3191144,2,,,,,,,
24.69936124,3,,,,,,,,,,,,,,,16,15.5,24.41405111,0,,,,,,,
24.79429795,0,,,,,,,,,,,,,,,16,15.5625,24.50898782,1,,,,,,,
24.88923466,1,,,,,,,,,,,,,,,16,15.625,24.60392453,2,,,,,,,
24.98417137,3,,,,,,,,,,,,,,,16,15.6875,24.69886124,3,,,,,,,
25.07910808,2,,,,,,,,,,,,,,,16,15.75,24.79379795,0,,,,,,,
25.17404478,0,,,,,,,,,,,,,,,16,15.8125,24.88873466,1,,,,,,,
25.26898149,1,,,,,,,,,,,,,,,16,15.875,24.98367137,3,,,,,,,
25.3639182,2,,,,,,,,,,,,,,,16,15.9375,25.07860808,2,,,,,,,
25.45885491,3,,,,,,,,,,,,,,,16,16,25.17354478,0,,,,,,,
25.55379162,0,,,,,,,,,,,,,,,16,16.0625,25.26848149,1,,,,,,,
25.64872833,1,,,,,,,,,,,,,,,16,16.125,25.3634182,2,,,,,,,
25.74366504,3,,,,,,,,,,,,,,,16,16.1875,25.45835491,3,,,,,,,
25.83860175,2,,,,,,,,,,,,,,,16,16.25,25.55329162,0,,,,,,,
25.93353846,0,,,,,,,,,,,,,,,16,16.3125,25.64822833,1,,,,,,,
26.02847516,1,,,,,,,,,,,,,,,16,16.375,25.74316504,3,,,,,,,
26.12341187,2,,,,,,,,,,,,,,,16,16.4375,25.83810175,2,,,,,,,
26.21834858,3,,,,,,,,,,,,,,,16,16.5,25.93303846,0,,,,,,,
26.31328529,0,,,,,,,,,,,,,,,16,16.5625,26.02797516,1,,,,,,,
26.408222,1,,,,,,,,,,,,,,,16,16.625,26.12291187,2,,,,,,,
26.50315871,3,,,,,,,,,,,,,,,16,16.6875,26.21784858,3,,,,,,,
26.59809542,2,,,,,,,,,,,,,,,16,16.75,26.31278529,0,,,,,,,
26.69303213,0,,,,,,,,,,,,,,,16,16.8125,26.407722,1,,,,,,,
26.74050048,1,,,,,,,,,,,,,,,16,16.875,26.50265871,3,,,,,,,
26.78796883,2,,,,,,,,,,,,,,,16,16.9375,26.59759542,2,,,,,,,
26.83543719,3,,,,,,,,,,,,,,,16,17,26.69253213,0,,,,,,,
26.88290554,0,,,,,,,,,,,,,,,32,17.03125,26.74000048,1,,,,,,,
26.9303739,1,,,,,,,,,,,,,,,32,17.0625,26.78746883,2,,,,,,,
26.97784225,2,,,,,,,,,,,,,,,32,17.09375,26.83493719,3,,,,,,,
27.02531061,3,,,,,,,,,,,,,,,32,17.125,26.88240554,0,,,,,,,
27.07277896,0,,,,,,,,,,,,,,,32,17.15625,26.9298739,1,,,,,,,
27.12024732,1,,,,,,,,,,,,,,,32,17.1875,26.97734225,2,,,,,,,
27.16771567,2,,,,,,,,,,,,,,,32,17.21875,27.02481061,3,,,,,,,
27.21518402,3,,,,,,,,,,,,,,,32,17.25,27.07227896,0,,,,,,,
27.26265238,0,,,,,,,,,,,,,,,32,17.28125,27.11974732,1,,,,,,,
27.31012073,1,,,,,,,,,,,,,,,32,17.3125,27.16721567,2,,,,,,,
27.35758909,2,,,,,,,,,,,,,,,32,17.34375,27.21468402,3,,,,,,,
27.40505744,3,,,,,,,,,,,,,,,32,17.375,27.26215238,0,,,,,,,
27.4525258,0,,,,,,,,,,,,,,,32,17.40625,27.30962073,1,,,,,,,
27.49999415,1,,,,,,,,,,,,,,,32,17.4375,27.35708909,2,,,,,,,
27.54746251,2,,,,,,,,,,,,,,,32,17.46875,27.40455744,3,,,,,,,
27.59493086,3,,,,,,,,,,,,,,,32,17.5,27.4520258,0,,,,,,,
27.64239921,0,,,,,,,,,,,,,,,32,17.53125,27.49949415,1,,,,,,,
27.68986757,1,,,,,,,,,,,,,,,32,17.5625,27.54696251,2,,,,,,,
27.73733592,2,,,,,,,,,,,,,,,32,17.59375,27.59443086,3,,,,,,,
27.78480428,3,,,,,,,,,,,,,,,32,17.625,27.64189921,0,,,,,,,
27.83227263,0,,,,,,,,,,,,,,,32,17.65625,27.68936757,1,,,,,,,
27.87974099,1,,,,,,,,,,,,,,,32,17.6875,27.73683592,2,,,,,,,
27.92720934,2,,,,,,,,,,,,,,,32,17.71875,27.78430428,3,,,,,,,
27.9746777,3,,,,,,,,,,,,,,,32,17.75,27.83177263,0,,,,,,,
28.02214605,0,,,,,,,,,,,,,,,32,17.78125,27.87924099,1,,,,,,,
28.0696144,1,,,,,,,,,,,,,,,32,17.8125,27.92670934,2,,,,,,,
28.11708276,2,,,,,,,,,,,,,,,32,17.84375,27.9741777,3,,,,,,,
28.16455111,3,,,,,,,,,,,,,,,32,17.875,28.02164605,0,,,,,,,
28.21201947,0,,,,,,,,,,,,,,,32,17.90625,28.0691144,1,,,,,,,
28.30695618,1,,,,,,,,,,,,,,,32,17.9375,28.11658276,2,,,,,,,
28.40189289,3,,,,,,,,,,,,,,,32,17.96875,28.16405111,3,,,,,,,
28.49682959,2,,,,,,,,,,,,,,,32,18,28.21151947,0,,,,,,,
28.5917663,0,,,,,,,,,,,,,,,16,18.0625,28.30645618,1,,,,,,,
28.68670301,1,,,,,,,,,,,,,,,16,18.125,28.40139289,3,,,,,,,
28.78163972,2,,,,,,,,,,,,,,,16,18.1875,28.49632959,2,,,,,,,
28.87657643,3,,,,,,,,,,,,,,,16,18.25,28.5912663,0,,,,,,,
28.97151314,0,,,,,,,,,,,,,,,16,18.3125,28.68620301,1,,,,,,,
29.06644985,1,,,,,,,,,,,,,,,16,18.375,28.78113972,2,,,,,,,
29.16138656,3,,,,,,,,,,,,,,,16,18.4375,28.87607643,3,,,,,,,
29.25632327,2,,,,,,,,,,,,,,,16,18.5,28.97101314,0,,,,,,,
29.35125997,0,,,,,,,,,,,,,,,16,18.5625,29.06594985,1,,,,,,,
29.44619668,1,,,,,,,,,,,,,,,16,18.625,29.16088656,3,,,,,,,
29.54113339,2,,,,,,,,,,,,,,,16,18.6875,29.25582327,2,,,,,,,
29.6360701,3,,,,,,,,,,,,,,,16,18.75,29.35075997,0,,,,,,,
29.73100681,0,,,,,,,,,,,,,,,16,18.8125,29.44569668,1,,,,,,,
29.82594352,1,,,,,,,,,,,,,,,16,18.875,29.54063339,2,,,,,,,
29.92088023,3,,,,,,,,,,,,,,,16,18.9375,29.6355701,3,,,,,,,
30.01581694,2,,,,,,,,,,,,,,,16,19,29.73050681,0,,,,,,,
30.11075365,0,,,,,,,,,,,,,,,16,19.0625,29.82544352,1,,,,,,,
30.20569035,1,,,,,,,,,,,,,,,16,19.125,29.92038023,3,,,,,,,
30.30062706,2,,,,,,,,,,,,,,,16,19.1875,30.01531694,2,,,,,,,
30.39556377,3,,,,,,,,,,,,,,,16,19.25,30.11025365,0,,,,,,,
30.49050048,0,,,,,,,,,,,,,,,16,19.3125,30.20519035,1,,,,,,,
30.58543719,1,,,,,,,,,,,,,,,16,19.375,30.30012706,2,,,,,,,
30.6803739,3,,,,,,,,,,,,,,,16,19.4375,30.39506377,3,,,,,,,
30.77531061,2,,,,,,,,,,,,,,,16,19.5,30.49000048,0,,,,,,,
30.87024732,0,,,,,,,,,,,,,,,16,19.5625,30.58493719,1,,,,,,,
30.96518402,1,,,,,,,,,,,,,,,16,19.625,30.6798739,3,,,,,,,
31.06012073,2,,,,,,,,,,,,,,,16,19.6875,30.77481061,2,,,,,,,
31.15505744,3,,,,,,,,,,,,,,,16,19.75,30.86974732,0,,,,,,,
31.24999415,0,,,,,,,,,,,,,,,16,19.8125,30.96468402,1,,,,,,,
31.34493086,1,,,,,,,,,,,,,,,16,19.875,31.05962073,2,,,,,,,
31.43986757,3,,,,,,,,,,,,,,,16,19.9375,31.15455744,3,,,,,,,
31.53480428,2,,,,,,,,,,,,,,,16,20,31.24949415,0,,,,,,,
31.62974099,0,,,,,,,,,,,,,,,16,20.0625,31.34443086,1,,,,,,,
31.7246777,1,,,,,,,,,,,,,,,16,20.125,31.43936757,3,,,,,,,
31.8196144,2,,,,,,,,,,,,,,,16,20.1875,31.53430428,2,,,,,,,
31.91455111,3,,,,,,,,,,,,,,,16,20.25,31.62924099,0,,,,,,,
32.00948782,0,,,,,,,,,,,,,,,16,20.3125,31.7241777,1,,,,,,,
32.10442453,1,,,,,,,,,,,,,,,16,20.375,31.8191144,2,,,,,,,
32.19936124,3,,,,,,,,,,,,,,,16,20.4375,31.91405111,3,,,,,,,
32.29429795,2,,,,,,,,,,,,,,,16,20.5,32.00898782,0,,,,,,,
32.38923466,0,,,,,,,,,,,,,,,16,20.5625,32.10392453,1,,,,,,,
32.48417137,1,,,,,,,,,,,,,,,16,20.625,32.19886124,3,,,,,,,
32.57910808,2,,,,,,,,,,,,,,,16,20.6875,32.29379795,2,,,,,,,
32.67404478,3,,,,,,,,,,,,,,,16,20.75,32.38873466,0,,,,,,,
32.76898149,0,,,,,,,,,,,,,,,16,20.8125,32.48367137,1,,,,,,,
32.81644985,1,,,,,,,,,,,,,,,16,20.875,32.57860808,2,,,,,,,
32.8639182,2,,,,,,,,,,,,,,,16,20.9375,32.67354478,3,,,,,,,
32.91138656,3,,,,,,,,,,,,,,,16,21,32.76848149,0,,,,,,,
32.95885491,0,,,,,,,,,,,,,,,32,21.03125,32.81594985,1,,,,,,,
33.00632327,1,,,,,,,,,,,,,,,32,21.0625,32.8634182,2,,,,,,,
33.05379162,2,,,,,,,,,,,,,,,32,21.09375,32.91088656,3,,,,,,,
33.10125997,3,,,,,,,,,,,,,,,32,21.125,32.95835491,0,,,,,,,
33.14872833,0,,,,,,,,,,,,,,,32,21.15625,33.00582327,1,,,,,,,
33.19619668,1,,,,,,,,,,,,,,,32,21.1875,33.05329162,2,,,,,,,
33.24366504,2,,,,,,,,,,,,,,,32,21.21875,33.10075997,3,,,,,,,
33.29113339,3,,,,,,,,,,,,,,,32,21.25,33.14822833,0,,,,,,,
33.33860175,0,,,,,,,,,,,,,,,32,21.28125,33.19569668,1,,,,,,,
33.3860701,1,,,,,,,,,,,,,,,32,21.3125,33.24316504,2,,,,,,,
33.43353846,2,,,,,,,,,,,,,,,32,21.34375,33.29063339,3,,,,,,,
33.48100681,3,,,,,,,,,,,,,,,32,21.375,33.33810175,0,,,,,,,
33.52847516,0,,,,,,,,,,,,,,,32,21.40625,33.3855701,1,,,,,,,
33.57594352,1,,,,,,,,,,,,,,,32,21.4375,33.43303846,2,,,,,,,
33.62341187,2,,,,,,,,,,,,,,,32,21.46875,33.48050681,3,,,,,,,
33.67088023,3,,,,,,,,,,,,,,,32,21.5,33.52797516,0,,,,,,,
33.71834858,0,,,,,,,,,,,,,,,32,21.53125,33.57544352,1,,,,,,,
33.76581694,1,,,,,,,,,,,,,,,32,21.5625,33.62291187,2,,,,,,,
33.81328529,2,,,,,,,,,,,,,,,32,21.59375,33.67038023,3,,,,,,,
33.86075365,3,,,,,,,,,,,,,,,32,21.625,33.71784858,0,,,,,,,
33.908222,0,,,,,,,,,,,,,,,32,21.65625,33.76531694,1,,,,,,,
33.95569035,1,,,,,,,,,,,,,,,32,21.6875,33.81278529,2,,,,,,,
34.00315871,2,,,,,,,,,,,,,,,32,21.71875,33.86025365,3,,,,,,,
34.05062706,3,,,,,,,,,,,,,,,32,21.75,33.907722,0,,,,,,,
34.09809542,0,,,,,,,,,,,,,,,32,21.78125,33.95519035,1,,,,,,,
34.14556377,1,,,,,,,,,,,,,,,32,21.8125,34.00265871,2,,,,,,,
34.19303213,2,,,,,,,,,,,,,,,32,21.84375,34.05012706,3,,,,,,,
34.24050048,3,,,,,,,,,,,,,,,32,21.875,34.09759542,0,,,,,,,
34.28796883,0,,,,,,,,,,,,,,,32,21.90625,34.14506377,1,,,,,,,
34.33543719,1,,,,,,,,,,,,,,,32,21.9375,34.19253213,2,,,,,,,
34.38290554,2,,,,,,,,,,,,,,,32,21.96875,34.24000048,3,,,,,,,
34.4303739,3,,,,,,,,,,,,,,,32,22,34.28746883,0,,,,,,,
34.47784225,0,,,,,,,,,,,,,,,32,22.03125,34.33493719,1,,,,,,,
34.52531061,1,,,,,,,,,,,,,,,32,22.0625,34.38240554,2,,,,,,,
34.57277896,2,,,,,,,,,,,,,,,32,22.09375,34.4298739,3,,,,,,,
34.62024732,3,,,,,,,,,,,,,,,32,22.125,34.47734225,0,,,,,,,
34.66771567,0,,,,,,,,,,,,,,,32,22.15625,34.52481061,1,,,,,,,
34.71518402,1,,,,,,,,,,,,,,,32,22.1875,34.57227896,2,,,,,,,
34.76265238,2,,,,,,,,,,,,,,,32,22.21875,34.61974732,3,,,,,,,
34.81012073,3,,,,,,,,,,,,,,,32,22.25,34.66721567,0,,,,,,,
34.85758909,0,,,,,,,,,,,,,,,32,22.28125,34.71468402,1,,,,,,,
34.90505744,1,,,,,,,,,,,,,,,32,22.3125,34.76215238,2,,,,,,,
34.9525258,2,,,,,,,,,,,,,,,32,22.34375,34.80962073,3,,,,,,,
34.99999415,3,,,,,,,,,,,,,,,32,22.375,34.85708909,0,,,,,,,
35.04746251,0,,,,,,,,,,,,,,,32,22.40625,34.90455744,1,,,,,,,
35.09493086,1,,,,,,,,,,,,,,,32,22.4375,34.9520258,2,,,,,,,
35.14239921,2,,,,,,,,,,,,,,,32,22.46875,34.99949415,3,,,,,,,
35.18986757,3,,,,,,,,,,,,,,,32,22.5,35.04696251,0,,,,,,,
35.23733592,0,,,,,,,,,,,,,,,32,22.53125,35.09443086,1,,,,,,,
35.28480428,1,,,,,,,,,,,,,,,32,22.5625,35.14189921,2,,,,,,,
35.33227263,2,,,,,,,,,,,,,,,32,22.59375,35.18936757,3,,,,,,,
35.37974099,3,,,,,,,,,,,,,,,32,22.625,35.23683592,0,,,,,,,
35.42720934,4,,,,,,,,,,,,,,,32,22.65625,35.28430428,1,,,,,,,
35.80695618,1,a,,,,,,,,,,,,,,32,22.6875,35.33177263,2,,,,,,,
35.90189289,2,,,,,,,,,,,,,,,32,22.71875,35.37924099,3,,,,,,,
35.99682959,0,,,,,,,,,,,,,,,32,22.75,35.42670934,4,,,32,22.75,35.42670934,,
36.0917663,1,,,,,,,,,,,,,,,4,23,35.80645618,1,3,a,4,23,35.80645618,3,3
36.18670301,2,,,,,,,,,,,,,,,16,23.0625,35.90139289,2,,,1,24,37.32544352,0,0
36.28163972,3,,,,,,,,,,,,,,,16,23.125,35.99632959,0,,,1,25,38.84443086,2,2
36.37657643,0,,,,,,,,,,,,,,,16,23.1875,36.0912663,1,,,1,26,40.3634182,0,0
36.47151314,1,,,,,,,,,,,,,,,16,23.25,36.18620301,2,,,1,27,41.88240554,3,3
36.56644985,0,,,,,,,,,,,,,,,16,23.3125,36.28113972,3,,,1,28,43.40139289,3,3
36.66138656,1,,,,,,,,,,,,,,,16,23.375,36.37607643,0,,,1,29,44.92038023,2,2
36.75632327,2,,,,,,,,,,,,,,,16,23.4375,36.47101314,1,,,1,30,46.43936757,3,3
36.85125997,3,,,,,,,,,,,,,,,16,23.5,36.56594985,0,,,1,31,47.95835491,2,2
36.94619668,1,,,,,,,,,,,,,,,16,23.5625,36.66088656,1,,,1,32,49.47734225,2,2
37.04113339,0,,,,,,,,,,,,,,,16,23.625,36.75582327,2,,,1,33,50.99632959,3,3
37.1360701,3,,,,,,,,,,,,,,,16,23.6875,36.85075997,3,,,1,34,52.51531694,2,2
37.23100681,2,,,,,,,,,,,,,,,16,23.75,36.94569668,1,,,1,35,54.03430428,0,0
37.32594352,3,,,,,,,,,,,,,,,16,23.8125,37.04063339,0,,,1,36,55.55329162,3,3
37.42088023,1,,,,,,,,,,,,,,,16,23.875,37.1355701,3,,,1,37,57.07227896,0,0
37.51581694,0,,,,,,,,,,,,,,,16,23.9375,37.23050681,2,,,1,38,58.5912663,0,0
37.61075365,3,,,,,,,,,,,,,,,16,24,37.32544352,3,0,,1,39,60.11025365,3,3
37.70569035,1,,,,,,,,,,,,,,,16,24.0625,37.42038023,1,,,1,40,61.62924099,0,0
37.80062706,0,,,,,,,,,,,,,,,16,24.125,37.51531694,0,,,1,41,63.14822833,3,3
37.89556377,2,,,,,,,,,,,,,,,16,24.1875,37.61025365,3,,,1,42,64.66721567,2,2
37.99050048,1,,,,,,,,,,,,,,,16,24.25,37.70519035,1,,,1,43,66.18620301,3,3
38.08543719,2,,,,,,,,,,,,,,,16,24.3125,37.80012706,0,,,1,44,67.70519035,1,1
38.1803739,3,,,,,,,,,,,,,,,16,24.375,37.89506377,2,,,1,45,69.2241777,1,1
38.27531061,2,,,,,,,,,,,,,,,16,24.4375,37.99000048,1,,,1,46,70.74316504,0,0
38.37024732,3,,,,,,,,,,,,,,,16,24.5,38.08493719,2,,,1,47,72.26215238,2,2
38.46518402,2,,,,,,,,,,,,,,,16,24.5625,38.1798739,3,,,1,48,73.78113972,2,2
38.56012073,3,,,,,,,,,,,,,,,16,24.625,38.27481061,2,,,,,,,
38.65505744,1,,,,,,,,,,,,,,,16,24.6875,38.36974732,3,,,,,,,
38.74999415,0,,,,,,,,,,,,,,,16,24.75,38.46468402,2,,,,,,,
38.84493086,1,,,,,,,,,,,,,,,16,24.8125,38.55962073,3,,,,,,,
38.93986757,3,,,,,,,,,,,,,,,16,24.875,38.65455744,1,,,,,,,
39.03480428,2,,,,,,,,,,,,,,,16,24.9375,38.74949415,0,,,,,,,
39.12974099,0,,,,,,,,,,,,,,,16,25,38.84443086,1,2,,,,,,
39.2246777,1,,,,,,,,,,,,,,,16,25.0625,38.93936757,3,,,,,,,
39.3196144,3,,,,,,,,,,,,,,,16,25.125,39.03430428,2,,,,,,,
39.41455111,0,,,,,,,,,,,,,,,16,25.1875,39.12924099,0,,,,,,,
39.50948782,1,,,,,,,,,,,,,,,16,25.25,39.2241777,1,,,,,,,
39.60442453,0,,,,,,,,,,,,,,,16,25.3125,39.3191144,3,,,,,,,
39.69936124,1,,,,,,,,,,,,,,,16,25.375,39.41405111,0,,,,,,,
39.79429795,0,,,,,,,,,,,,,,,16,25.4375,39.50898782,1,,,,,,,
39.88923466,1,,,,,,,,,,,,,,,16,25.5,39.60392453,0,,,,,,,
39.98417137,2,,,,,,,,,,,,,,,16,25.5625,39.69886124,1,,,,,,,
40.07910808,3,,,,,,,,,,,,,,,16,25.625,39.79379795,0,,,,,,,
40.17404478,2,,,,,,,,,,,,,,,16,25.6875,39.88873466,1,,,,,,,
40.26898149,1,,,,,,,,,,,,,,,16,25.75,39.98367137,2,,,,,,,
40.3639182,3,,,,,,,,,,,,,,,16,25.8125,40.07860808,3,,,,,,,
40.45885491,2,,,,,,,,,,,,,,,16,25.875,40.17354478,2,,,,,,,
40.55379162,3,,,,,,,,,,,,,,,16,25.9375,40.26848149,1,,,,,,,
40.64872833,1,,,,,,,,,,,,,,,16,26,40.3634182,3,0,,,,,,
40.74366504,0,,,,,,,,,,,,,,,16,26.0625,40.45835491,2,,,,,,,
40.83860175,1,,,,,,,,,,,,,,,16,26.125,40.55329162,3,,,,,,,
40.93353846,2,,,,,,,,,,,,,,,16,26.1875,40.64822833,1,,,,,,,
41.02847516,3,,,,,,,,,,,,,,,16,26.25,40.74316504,0,,,,,,,
41.12341187,1,,,,,,,,,,,,,,,16,26.3125,40.83810175,1,,,,,,,
41.21834858,2,,,,,,,,,,,,,,,16,26.375,40.93303846,2,,,,,,,
41.31328529,0,,,,,,,,,,,,,,,16,26.4375,41.02797516,3,,,,,,,
41.408222,3,,,,,,,,,,,,,,,16,26.5,41.12291187,1,,,,,,,
41.50315871,1,,,,,,,,,,,,,,,16,26.5625,41.21784858,2,,,,,,,
41.59809542,2,,,,,,,,,,,,,,,16,26.625,41.31278529,0,,,,,,,
41.69303213,3,,,,,,,,,,,,,,,16,26.6875,41.407722,3,,,,,,,
41.78796883,2,,,,,,,,,,,,,,,16,26.75,41.50265871,1,,,,,,,
41.88290554,1,,,,,,,,,,,,,,,16,26.8125,41.59759542,2,,,,,,,
41.97784225,0,,,,,,,,,,,,,,,16,26.875,41.69253213,3,,,,,,,
42.07277896,1,,,,,,,,,,,,,,,16,26.9375,41.78746883,2,,,,,,,
42.16771567,2,,,,,,,,,,,,,,,16,27,41.88240554,1,3,,,,,,
42.26265238,3,,,,,,,,,,,,,,,16,27.0625,41.97734225,0,,,,,,,
42.35758909,2,,,,,,,,,,,,,,,16,27.125,42.07227896,1,,,,,,,
42.4525258,1,,,,,,,,,,,,,,,16,27.1875,42.16721567,2,,,,,,,
42.54746251,0,,,,,,,,,,,,,,,16,27.25,42.26215238,3,,,,,,,
42.64239921,1,,,,,,,,,,,,,,,16,27.3125,42.35708909,2,,,,,,,
42.73733592,2,,,,,,,,,,,,,,,16,27.375,42.4520258,1,,,,,,,
42.83227263,3,,,,,,,,,,,,,,,16,27.4375,42.54696251,0,,,,,,,
42.92720934,1,,,,,,,,,,,,,,,16,27.5,42.64189921,1,,,,,,,
43.02214605,2,,,,,,,,,,,,,,,16,27.5625,42.73683592,2,,,,,,,
43.11708276,3,,,,,,,,,,,,,,,16,27.625,42.83177263,3,,,,,,,
43.21201947,2,,,,,,,,,,,,,,,16,27.6875,42.92670934,1,,,,,,,
43.30695618,1,,,,,,,,,,,,,,,16,27.75,43.02164605,2,,,,,,,
43.40189289,0,,,,,,,,,,,,,,,16,27.8125,43.11658276,3,,,,,,,
43.49682959,1,,,,,,,,,,,,,,,16,27.875,43.21151947,2,,,,,,,
43.5917663,2,,,,,,,,,,,,,,,16,27.9375,43.30645618,1,,,,,,,
43.68670301,3,,,,,,,,,,,,,,,16,28,43.40139289,0,3,,,,,,
43.78163972,2,,,,,,,,,,,,,,,16,28.0625,43.49632959,1,,,,,,,
43.87657643,0,,,,,,,,,,,,,,,16,28.125,43.5912663,2,,,,,,,
43.97151314,3,,,,,,,,,,,,,,,16,28.1875,43.68620301,3,,,,,,,
44.06644985,2,,,,,,,,,,,,,,,16,28.25,43.78113972,2,,,,,,,
44.16138656,1,,,,,,,,,,,,,,,16,28.3125,43.87607643,0,,,,,,,
44.25632327,0,,,,,,,,,,,,,,,16,28.375,43.97101314,3,,,,,,,
44.35125997,1,,,,,,,,,,,,,,,16,28.4375,44.06594985,2,,,,,,,
44.44619668,2,,,,,,,,,,,,,,,16,28.5,44.16088656,1,,,,,,,
44.54113339,3,,,,,,,,,,,,,,,16,28.5625,44.25582327,0,,,,,,,
44.6360701,1,,,,,,,,,,,,,,,16,28.625,44.35075997,1,,,,,,,
44.73100681,2,,,,,,,,,,,,,,,16,28.6875,44.44569668,2,,,,,,,
44.82594352,3,,,,,,,,,,,,,,,16,28.75,44.54063339,3,,,,,,,
44.92088023,0,,,,,,,,,,,,,,,16,28.8125,44.6355701,1,,,,,,,
45.01581694,1,,,,,,,,,,,,,,,16,28.875,44.73050681,2,,,,,,,
45.11075365,2,,,,,,,,,,,,,,,16,28.9375,44.82544352,3,,,,,,,
45.20569035,1,,,,,,,,,,,,,,,16,29,44.92038023,0,2,,,,,,
45.30062706,0,,,,,,,,,,,,,,,16,29.0625,45.01531694,1,,,,,,,
45.39556377,1,,,,,,,,,,,,,,,16,29.125,45.11025365,2,,,,,,,
45.49050048,2,,,,,,,,,,,,,,,16,29.1875,45.20519035,1,,,,,,,
45.58543719,3,,,,,,,,,,,,,,,16,29.25,45.30012706,0,,,,,,,
45.6803739,0,,,,,,,,,,,,,,,16,29.3125,45.39506377,1,,,,,,,
45.77531061,2,,,,,,,,,,,,,,,16,29.375,45.49000048,2,,,,,,,
45.87024732,1,,,,,,,,,,,,,,,16,29.4375,45.58493719,3,,,,,,,
45.96518402,0,,,,,,,,,,,,,,,16,29.5,45.6798739,0,,,,,,,
46.06012073,3,,,,,,,,,,,,,,,16,29.5625,45.77481061,2,,,,,,,
46.15505744,1,,,,,,,,,,,,,,,16,29.625,45.86974732,1,,,,,,,
46.24999415,0,,,,,,,,,,,,,,,16,29.6875,45.96468402,0,,,,,,,
46.34493086,1,,,,,,,,,,,,,,,16,29.75,46.05962073,3,,,,,,,
46.43986757,2,,,,,,,,,,,,,,,16,29.8125,46.15455744,1,,,,,,,
46.53480428,0,,,,,,,,,,,,,,,16,29.875,46.24949415,0,,,,,,,
46.62974099,2,,,,,,,,,,,,,,,16,29.9375,46.34443086,1,,,,,,,
46.7246777,3,,,,,,,,,,,,,,,16,30,46.43936757,2,3,,,,,,
46.8196144,2,,,,,,,,,,,,,,,16,30.0625,46.53430428,0,,,,,,,
46.91455111,1,,,,,,,,,,,,,,,16,30.125,46.62924099,2,,,,,,,
47.00948782,0,,,,,,,,,,,,,,,16,30.1875,46.7241777,3,,,,,,,
47.10442453,2,,,,,,,,,,,,,,,16,30.25,46.8191144,2,,,,,,,
47.19936124,3,,,,,,,,,,,,,,,16,30.3125,46.91405111,1,,,,,,,
47.29429795,1,,,,,,,,,,,,,,,16,30.375,47.00898782,0,,,,,,,
47.38923466,3,,,,,,,,,,,,,,,16,30.4375,47.10392453,2,,,,,,,
47.48417137,0,,,,,,,,,,,,,,,16,30.5,47.19886124,3,,,,,,,
47.57910808,1,,,,,,,,,,,,,,,16,30.5625,47.29379795,1,,,,,,,
47.67404478,0,,,,,,,,,,,,,,,16,30.625,47.38873466,3,,,,,,,
47.76898149,3,,,,,,,,,,,,,,,16,30.6875,47.48367137,0,,,,,,,
47.8639182,1,,,,,,,,,,,,,,,16,30.75,47.57860808,1,,,,,,,
47.95885491,0,,,,,,,,,,,,,,,16,30.8125,47.67354478,0,,,,,,,
48.05379162,1,,,,,,,,,,,,,,,16,30.875,47.76848149,3,,,,,,,
48.14872833,2,,,,,,,,,,,,,,,16,30.9375,47.8634182,1,,,,,,,
48.24366504,3,,,,,,,,,,,,,,,16,31,47.95835491,0,2,,,,,,
48.33860175,2,,,,,,,,,,,,,,,16,31.0625,48.05329162,1,,,,,,,
48.43353846,1,,,,,,,,,,,,,,,16,31.125,48.14822833,2,,,,,,,
48.52847516,0,,,,,,,,,,,,,,,16,31.1875,48.24316504,3,,,,,,,
48.62341187,1,,,,,,,,,,,,,,,16,31.25,48.33810175,2,,,,,,,
48.71834858,2,,,,,,,,,,,,,,,16,31.3125,48.43303846,1,,,,,,,
48.81328529,3,,,,,,,,,,,,,,,16,31.375,48.52797516,0,,,,,,,
48.908222,0,,,,,,,,,,,,,,,16,31.4375,48.62291187,1,,,,,,,
49.00315871,1,,,,,,,,,,,,,,,16,31.5,48.71784858,2,,,,,,,
49.09809542,3,,,,,,,,,,,,,,,16,31.5625,48.81278529,3,,,,,,,
49.19303213,2,,,,,,,,,,,,,,,16,31.625,48.907722,0,,,,,,,
49.28796883,0,,,,,,,,,,,,,,,16,31.6875,49.00265871,1,,,,,,,
49.38290554,3,,,,,,,,,,,,,,,16,31.75,49.09759542,3,,,,,,,
49.47784225,0,,,,,,,,,,,,,,,16,31.8125,49.19253213,2,,,,,,,
49.57277896,1,,,,,,,,,,,,,,,16,31.875,49.28746883,0,,,,,,,
49.66771567,0,,,,,,,,,,,,,,,16,31.9375,49.38240554,3,,,,,,,
49.76265238,3,,,,,,,,,,,,,,,16,32,49.47734225,0,2,,,,,,
49.85758909,1,,,,,,,,,,,,,,,16,32.0625,49.57227896,1,,,,,,,
49.9525258,0,,,,,,,,,,,,,,,16,32.125,49.66721567,0,,,,,,,
50.04746251,2,,,,,,,,,,,,,,,16,32.1875,49.76215238,3,,,,,,,
50.14239921,1,,,,,,,,,,,,,,,16,32.25,49.85708909,1,,,,,,,
50.23733592,2,,,,,,,,,,,,,,,16,32.3125,49.9520258,0,,,,,,,
50.33227263,3,,,,,,,,,,,,,,,16,32.375,50.04696251,2,,,,,,,
50.42720934,0,,,,,,,,,,,,,,,16,32.4375,50.14189921,1,,,,,,,
50.52214605,1,,,,,,,,,,,,,,,16,32.5,50.23683592,2,,,,,,,
50.61708276,2,,,,,,,,,,,,,,,16,32.5625,50.33177263,3,,,,,,,
50.71201947,3,,,,,,,,,,,,,,,16,32.625,50.42670934,0,,,,,,,
50.80695618,1,,,,,,,,,,,,,,,16,32.6875,50.52164605,1,,,,,,,
50.90189289,2,,,,,,,,,,,,,,,16,32.75,50.61658276,2,,,,,,,
50.99682959,0,,,,,,,,,,,,,,,16,32.8125,50.71151947,3,,,,,,,
51.0917663,1,,,,,,,,,,,,,,,16,32.875,50.80645618,1,,,,,,,
51.18670301,2,,,,,,,,,,,,,,,16,32.9375,50.90139289,2,,,,,,,
51.28163972,3,,,,,,,,,,,,,,,16,33,50.99632959,0,3,,,,,,
51.37657643,0,,,,,,,,,,,,,,,16,33.0625,51.0912663,1,,,,,,,
51.47151314,1,,,,,,,,,,,,,,,16,33.125,51.18620301,2,,,,,,,
51.56644985,2,,,,,,,,,,,,,,,16,33.1875,51.28113972,3,,,,,,,
51.66138656,3,,,,,,,,,,,,,,,16,33.25,51.37607643,0,,,,,,,
51.75632327,0,,,,,,,,,,,,,,,16,33.3125,51.47101314,1,,,,,,,
51.85125997,1,,,,,,,,,,,,,,,16,33.375,51.56594985,2,,,,,,,
51.94619668,2,,,,,,,,,,,,,,,16,33.4375,51.66088656,3,,,,,,,
52.04113339,3,,,,,,,,,,,,,,,16,33.5,51.75582327,0,,,,,,,
52.1360701,0,,,,,,,,,,,,,,,16,33.5625,51.85075997,1,,,,,,,
52.23100681,1,,,,,,,,,,,,,,,16,33.625,51.94569668,2,,,,,,,
52.32594352,2,,,,,,,,,,,,,,,16,33.6875,52.04063339,3,,,,,,,
52.42088023,3,,,,,,,,,,,,,,,16,33.75,52.1355701,0,,,,,,,
52.51581694,0,,,,,,,,,,,,,,,16,33.8125,52.23050681,1,,,,,,,
52.61075365,1,,,,,,,,,,,,,,,16,33.875,52.32544352,2,,,,,,,
52.70569035,3,,,,,,,,,,,,,,,16,33.9375,52.42038023,3,,,,,,,
52.80062706,0,,,,,,,,,,,,,,,16,34,52.51531694,0,2,,,,,,
52.89556377,3,,,,,,,,,,,,,,,16,34.0625,52.61025365,1,,,,,,,
52.99050048,0,,,,,,,,,,,,,,,16,34.125,52.70519035,3,,,,,,,
53.08543719,1,,,,,,,,,,,,,,,16,34.1875,52.80012706,0,,,,,,,
53.1803739,2,,,,,,,,,,,,,,,16,34.25,52.89506377,3,,,,,,,
53.27531061,3,,,,,,,,,,,,,,,16,34.3125,52.99000048,0,,,,,,,
53.37024732,2,,,,,,,,,,,,,,,16,34.375,53.08493719,1,,,,,,,
53.46518402,0,,,,,,,,,,,,,,,16,34.4375,53.1798739,2,,,,,,,
53.56012073,1,,,,,,,,,,,,,,,16,34.5,53.27481061,3,,,,,,,
53.65505744,2,,,,,,,,,,,,,,,16,34.5625,53.36974732,2,,,,,,,
53.74999415,3,,,,,,,,,,,,,,,16,34.625,53.46468402,0,,,,,,,
53.84493086,0,,,,,,,,,,,,,,,16,34.6875,53.55962073,1,,,,,,,
53.93986757,1,,,,,,,,,,,,,,,16,34.75,53.65455744,2,,,,,,,
54.03480428,2,,,,,,,,,,,,,,,16,34.8125,53.74949415,3,,,,,,,
54.12974099,3,,,,,,,,,,,,,,,16,34.875,53.84443086,0,,,,,,,
54.2246777,0,,,,,,,,,,,,,,,16,34.9375,53.93936757,1,,,,,,,
54.3196144,3,,,,,,,,,,,,,,,16,35,54.03430428,2,0,,,,,,
54.41455111,0,,,,,,,,,,,,,,,16,35.0625,54.12924099,3,,,,,,,
54.50948782,1,,,,,,,,,,,,,,,16,35.125,54.2241777,0,,,,,,,
54.60442453,3,,,,,,,,,,,,,,,16,35.1875,54.3191144,3,,,,,,,
54.69936124,0,,,,,,,,,,,,,,,16,35.25,54.41405111,0,,,,,,,
54.79429795,1,,,,,,,,,,,,,,,16,35.3125,54.50898782,1,,,,,,,
54.88923466,2,,,,,,,,,,,,,,,16,35.375,54.60392453,3,,,,,,,
54.98417137,3,,,,,,,,,,,,,,,16,35.4375,54.69886124,0,,,,,,,
55.07910808,0,,,,,,,,,,,,,,,16,35.5,54.79379795,1,,,,,,,
55.17404478,1,,,,,,,,,,,,,,,16,35.5625,54.88873466,2,,,,,,,
55.26898149,2,,,,,,,,,,,,,,,16,35.625,54.98367137,3,,,,,,,
55.3639182,3,,,,,,,,,,,,,,,16,35.6875,55.07860808,0,,,,,,,
55.45885491,0,,,,,,,,,,,,,,,16,35.75,55.17354478,1,,,,,,,
55.55379162,2,,,,,,,,,,,,,,,16,35.8125,55.26848149,2,,,,,,,
55.64872833,1,,,,,,,,,,,,,,,16,35.875,55.3634182,3,,,,,,,
55.74366504,2,,,,,,,,,,,,,,,16,35.9375,55.45835491,0,,,,,,,
55.83860175,3,,,,,,,,,,,,,,,16,36,55.55329162,2,3,,,,,,
55.93353846,0,,,,,,,,,,,,,,,16,36.0625,55.64822833,1,,,,,,,
56.02847516,1,,,,,,,,,,,,,,,16,36.125,55.74316504,2,,,,,,,
56.12341187,0,,,,,,,,,,,,,,,16,36.1875,55.83810175,3,,,,,,,
56.21834858,3,,,,,,,,,,,,,,,16,36.25,55.93303846,0,,,,,,,
56.31328529,0,,,,,,,,,,,,,,,16,36.3125,56.02797516,1,,,,,,,
56.408222,3,,,,,,,,,,,,,,,16,36.375,56.12291187,0,,,,,,,
56.50315871,0,,,,,,,,,,,,,,,16,36.4375,56.21784858,3,,,,,,,
56.59809542,1,,,,,,,,,,,,,,,16,36.5,56.31278529,0,,,,,,,
56.69303213,2,,,,,,,,,,,,,,,16,36.5625,56.407722,3,,,,,,,
56.78796883,3,,,,,,,,,,,,,,,16,36.625,56.50265871,0,,,,,,,
56.88290554,0,,,,,,,,,,,,,,,16,36.6875,56.59759542,1,,,,,,,
56.97784225,1,,,,,,,,,,,,,,,16,36.75,56.69253213,2,,,,,,,
57.07277896,2,,,,,,,,,,,,,,,16,36.8125,56.78746883,3,,,,,,,
57.16771567,1,,,,,,,,,,,,,,,16,36.875,56.88240554,0,,,,,,,
57.26265238,0,,,,,,,,,,,,,,,16,36.9375,56.97734225,1,,,,,,,
57.35758909,3,,,,,,,,,,,,,,,16,37,57.07227896,2,0,,,,,,
57.4525258,0,,,,,,,,,,,,,,,16,37.0625,57.16721567,1,,,,,,,
57.54746251,1,,,,,,,,,,,,,,,16,37.125,57.26215238,0,,,,,,,
57.64239921,2,,,,,,,,,,,,,,,16,37.1875,57.35708909,3,,,,,,,
57.73733592,3,,,,,,,,,,,,,,,16,37.25,57.4520258,0,,,,,,,
57.83227263,1,,,,,,,,,,,,,,,16,37.3125,57.54696251,1,,,,,,,
57.92720934,0,,,,,,,,,,,,,,,16,37.375,57.64189921,2,,,,,,,
58.02214605,3,,,,,,,,,,,,,,,16,37.4375,57.73683592,3,,,,,,,
58.11708276,1,,,,,,,,,,,,,,,16,37.5,57.83177263,1,,,,,,,
58.21201947,2,,,,,,,,,,,,,,,16,37.5625,57.92670934,0,,,,,,,
58.30695618,0,,,,,,,,,,,,,,,16,37.625,58.02164605,3,,,,,,,
58.40189289,1,,,,,,,,,,,,,,,16,37.6875,58.11658276,1,,,,,,,
58.49682959,3,,,,,,,,,,,,,,,16,37.75,58.21151947,2,,,,,,,
58.5917663,1,,,,,,,,,,,,,,,16,37.8125,58.30645618,0,,,,,,,
58.68670301,2,,,,,,,,,,,,,,,16,37.875,58.40139289,1,,,,,,,
58.78163972,0,,,,,,,,,,,,,,,16,37.9375,58.49632959,3,,,,,,,
58.87657643,1,,,,,,,,,,,,,,,16,38,58.5912663,1,0,,,,,,
58.97151314,3,,,,,,,,,,,,,,,16,38.0625,58.68620301,2,,,,,,,
59.06644985,0,,,,,,,,,,,,,,,16,38.125,58.78113972,0,,,,,,,
59.16138656,1,,,,,,,,,,,,,,,16,38.1875,58.87607643,1,,,,,,,
59.25632327,2,,,,,,,,,,,,,,,16,38.25,58.97101314,3,,,,,,,
59.35125997,3,,,,,,,,,,,,,,,16,38.3125,59.06594985,0,,,,,,,
59.44619668,1,,,,,,,,,,,,,,,16,38.375,59.16088656,1,,,,,,,
59.54113339,0,,,,,,,,,,,,,,,16,38.4375,59.25582327,2,,,,,,,
59.6360701,1,,,,,,,,,,,,,,,16,38.5,59.35075997,3,,,,,,,
59.73100681,2,,,,,,,,,,,,,,,16,38.5625,59.44569668,1,,,,,,,
59.82594352,3,,,,,,,,,,,,,,,16,38.625,59.54063339,0,,,,,,,
59.92088023,1,,,,,,,,,,,,,,,16,38.6875,59.6355701,1,,,,,,,
60.01581694,0,,,,,,,,,,,,,,,16,38.75,59.73050681,2,,,,,,,
60.11075365,1,,,,,,,,,,,,,,,16,38.8125,59.82544352,3,,,,,,,
60.20569035,2,,,,,,,,,,,,,,,16,38.875,59.92038023,1,,,,,,,
60.30062706,3,,,,,,,,,,,,,,,16,38.9375,60.01531694,0,,,,,,,
60.39556377,2,,,,,,,,,,,,,,,16,39,60.11025365,1,3,,,,,,
60.49050048,0,,,,,,,,,,,,,,,16,39.0625,60.20519035,2,,,,,,,
60.58543719,1,,,,,,,,,,,,,,,16,39.125,60.30012706,3,,,,,,,
60.6803739,2,,,,,,,,,,,,,,,16,39.1875,60.39506377,2,,,,,,,
60.77531061,3,,,,,,,,,,,,,,,16,39.25,60.49000048,0,,,,,,,
60.87024732,1,,,,,,,,,,,,,,,16,39.3125,60.58493719,1,,,,,,,
60.96518402,2,,,,,,,,,,,,,,,16,39.375,60.6798739,2,,,,,,,
61.06012073,3,,,,,,,,,,,,,,,16,39.4375,60.77481061,3,,,,,,,
61.15505744,1,,,,,,,,,,,,,,,16,39.5,60.86974732,1,,,,,,,
61.24999415,0,,,,,,,,,,,,,,,16,39.5625,60.96468402,2,,,,,,,
61.34493086,2,,,,,,,,,,,,,,,16,39.625,61.05962073,3,,,,,,,
61.43986757,0,,,,,,,,,,,,,,,16,39.6875,61.15455744,1,,,,,,,
61.53480428,2,,,,,,,,,,,,,,,16,39.75,61.24949415,0,,,,,,,
61.62974099,1,,,,,,,,,,,,,,,16,39.8125,61.34443086,2,,,,,,,
61.7246777,3,,,,,,,,,,,,,,,16,39.875,61.43936757,0,,,,,,,
61.8196144,1,,,,,,,,,,,,,,,16,39.9375,61.53430428,2,,,,,,,
61.91455111,2,,,,,,,,,,,,,,,16,40,61.62924099,1,0,,,,,,
62.00948782,3,,,,,,,,,,,,,,,16,40.0625,61.7241777,3,,,,,,,
62.10442453,0,,,,,,,,,,,,,,,16,40.125,61.8191144,1,,,,,,,
62.19936124,1,,,,,,,,,,,,,,,16,40.1875,61.91405111,2,,,,,,,
62.29429795,2,,,,,,,,,,,,,,,16,40.25,62.00898782,3,,,,,,,
62.38923466,3,,,,,,,,,,,,,,,16,40.3125,62.10392453,0,,,,,,,
62.48417137,0,,,,,,,,,,,,,,,16,40.375,62.19886124,1,,,,,,,
62.57910808,3,,,,,,,,,,,,,,,16,40.4375,62.29379795,2,,,,,,,
62.67404478,1,,,,,,,,,,,,,,,16,40.5,62.38873466,3,,,,,,,
62.76898149,2,,,,,,,,,,,,,,,16,40.5625,62.48367137,0,,,,,,,
62.8639182,3,,,,,,,,,,,,,,,16,40.625,62.57860808,3,,,,,,,
62.95885491,1,,,,,,,,,,,,,,,16,40.6875,62.67354478,1,,,,,,,
63.05379162,2,,,,,,,,,,,,,,,16,40.75,62.76848149,2,,,,,,,
63.14872833,0,,,,,,,,,,,,,,,16,40.8125,62.8634182,3,,,,,,,
63.24366504,1,,,,,,,,,,,,,,,16,40.875,62.95835491,1,,,,,,,
63.33860175,2,,,,,,,,,,,,,,,16,40.9375,63.05329162,2,,,,,,,
63.43353846,3,,,,,,,,,,,,,,,16,41,63.14822833,0,3,,,,,,
63.52847516,2,,,,,,,,,,,,,,,16,41.0625,63.24316504,1,,,,,,,
63.62341187,3,,,,,,,,,,,,,,,16,41.125,63.33810175,2,,,,,,,
63.71834858,1,,,,,,,,,,,,,,,16,41.1875,63.43303846,3,,,,,,,
63.81328529,0,,,,,,,,,,,,,,,16,41.25,63.52797516,2,,,,,,,
63.908222,3,,,,,,,,,,,,,,,16,41.3125,63.62291187,3,,,,,,,
64.00315871,0,,,,,,,,,,,,,,,16,41.375,63.71784858,1,,,,,,,
64.09809542,1,,,,,,,,,,,,,,,16,41.4375,63.81278529,0,,,,,,,
64.19303213,2,,,,,,,,,,,,,,,16,41.5,63.907722,3,,,,,,,
64.28796883,3,,,,,,,,,,,,,,,16,41.5625,64.00265871,0,,,,,,,
64.38290554,1,,,,,,,,,,,,,,,16,41.625,64.09759542,1,,,,,,,
64.47784225,2,,,,,,,,,,,,,,,16,41.6875,64.19253213,2,,,,,,,
64.57277896,3,,,,,,,,,,,,,,,16,41.75,64.28746883,3,,,,,,,
64.66771567,1,,,,,,,,,,,,,,,16,41.8125,64.38240554,1,,,,,,,
64.76265238,0,,,,,,,,,,,,,,,16,41.875,64.47734225,2,,,,,,,
64.85758909,1,,,,,,,,,,,,,,,16,41.9375,64.57227896,3,,,,,,,
64.9525258,2,,,,,,,,,,,,,,,16,42,64.66721567,1,2,,,,,,
65.04746251,0,,,,,,,,,,,,,,,16,42.0625,64.76215238,0,,,,,,,
65.14239921,1,,,,,,,,,,,,,,,16,42.125,64.85708909,1,,,,,,,
65.23733592,2,,,,,,,,,,,,,,,16,42.1875,64.9520258,2,,,,,,,
65.33227263,3,,,,,,,,,,,,,,,16,42.25,65.04696251,0,,,,,,,
65.42720934,1,,,,,,,,,,,,,,,16,42.3125,65.14189921,1,,,,,,,
65.52214605,2,,,,,,,,,,,,,,,16,42.375,65.23683592,2,,,,,,,
65.61708276,3,,,,,,,,,,,,,,,16,42.4375,65.33177263,3,,,,,,,
65.71201947,0,,,,,,,,,,,,,,,16,42.5,65.42670934,1,,,,,,,
65.80695618,2,,,,,,,,,,,,,,,16,42.5625,65.52164605,2,,,,,,,
65.90189289,3,,,,,,,,,,,,,,,16,42.625,65.61658276,3,,,,,,,
65.99682959,0,,,,,,,,,,,,,,,16,42.6875,65.71151947,0,,,,,,,
66.0917663,2,,,,,,,,,,,,,,,16,42.75,65.80645618,2,,,,,,,
66.18670301,1,,,,,,,,,,,,,,,16,42.8125,65.90139289,3,,,,,,,
66.28163972,0,,,,,,,,,,,,,,,16,42.875,65.99632959,0,,,,,,,
66.37657643,1,,,,,,,,,,,,,,,16,42.9375,66.0912663,2,,,,,,,
66.47151314,2,,,,,,,,,,,,,,,16,43,66.18620301,1,3,,,,,,
66.56644985,3,,,,,,,,,,,,,,,16,43.0625,66.28113972,0,,,,,,,
66.66138656,1,,,,,,,,,,,,,,,16,43.125,66.37607643,1,,,,,,,
66.75632327,2,,,,,,,,,,,,,,,16,43.1875,66.47101314,2,,,,,,,
66.85125997,0,,,,,,,,,,,,,,,16,43.25,66.56594985,3,,,,,,,
66.94619668,1,,,,,,,,,,,,,,,16,43.3125,66.66088656,1,,,,,,,
67.04113339,3,,,,,,,,,,,,,,,16,43.375,66.75582327,2,,,,,,,
67.1360701,1,,,,,,,,,,,,,,,16,43.4375,66.85075997,0,,,,,,,
67.23100681,2,,,,,,,,,,,,,,,16,43.5,66.94569668,1,,,,,,,
67.32594352,0,,,,,,,,,,,,,,,16,43.5625,67.04063339,3,,,,,,,
67.42088023,3,,,,,,,,,,,,,,,16,43.625,67.1355701,1,,,,,,,
67.51581694,2,,,,,,,,,,,,,,,16,43.6875,67.23050681,2,,,,,,,
67.61075365,3,,,,,,,,,,,,,,,16,43.75,67.32544352,0,,,,,,,
67.70569035,0,,,,,,,,,,,,,,,16,43.8125,67.42038023,3,,,,,,,
67.80062706,3,,,,,,,,,,,,,,,16,43.875,67.51531694,2,,,,,,,
67.89556377,1,,,,,,,,,,,,,,,16,43.9375,67.61025365,3,,,,,,,
67.99050048,3,,,,,,,,,,,,,,,16,44,67.70519035,0,1,,,,,,
68.08543719,0,,,,,,,,,,,,,,,16,44.0625,67.80012706,3,,,,,,,
68.1803739,1,,,,,,,,,,,,,,,16,44.125,67.89506377,1,,,,,,,
68.27531061,0,,,,,,,,,,,,,,,16,44.1875,67.99000048,3,,,,,,,
68.37024732,1,,,,,,,,,,,,,,,16,44.25,68.08493719,0,,,,,,,
68.46518402,0,,,,,,,,,,,,,,,16,44.3125,68.1798739,1,,,,,,,
68.56012073,1,,,,,,,,,,,,,,,16,44.375,68.27481061,0,,,,,,,
68.65505744,2,,,,,,,,,,,,,,,16,44.4375,68.36974732,1,,,,,,,
68.74999415,3,,,,,,,,,,,,,,,16,44.5,68.46468402,0,,,,,,,
68.84493086,1,,,,,,,,,,,,,,,16,44.5625,68.55962073,1,,,,,,,
68.93986757,0,,,,,,,,,,,,,,,16,44.625,68.65455744,2,,,,,,,
69.03480428,3,,,,,,,,,,,,,,,16,44.6875,68.74949415,3,,,,,,,
69.12974099,0,,,,,,,,,,,,,,,16,44.75,68.84443086,1,,,,,,,
69.2246777,3,,,,,,,,,,,,,,,16,44.8125,68.93936757,0,,,,,,,
69.3196144,2,,,,,,,,,,,,,,,16,44.875,69.03430428,3,,,,,,,
69.41455111,1,,,,,,,,,,,,,,,16,44.9375,69.12924099,0,,,,,,,
69.50948782,3,,,,,,,,,,,,,,,16,45,69.2241777,3,1,,,,,,
69.60442453,1,,,,,,,,,,,,,,,16,45.0625,69.3191144,2,,,,,,,
69.69936124,0,,,,,,,,,,,,,,,16,45.125,69.41405111,1,,,,,,,
69.79429795,1,,,,,,,,,,,,,,,16,45.1875,69.50898782,3,,,,,,,
69.88923466,3,,,,,,,,,,,,,,,16,45.25,69.60392453,1,,,,,,,
69.98417137,0,,,,,,,,,,,,,,,16,45.3125,69.69886124,0,,,,,,,
70.07910808,1,,,,,,,,,,,,,,,16,45.375,69.79379795,1,,,,,,,
70.17404478,3,,,,,,,,,,,,,,,16,45.4375,69.88873466,3,,,,,,,
70.26898149,2,,,,,,,,,,,,,,,16,45.5,69.98367137,0,,,,,,,
70.3639182,1,,,,,,,,,,,,,,,16,45.5625,70.07860808,1,,,,,,,
70.45885491,0,,,,,,,,,,,,,,,16,45.625,70.17354478,3,,,,,,,
70.55379162,3,,,,,,,,,,,,,,,16,45.6875,70.26848149,2,,,,,,,
70.64872833,1,,,,,,,,,,,,,,,16,45.75,70.3634182,1,,,,,,,
70.74366504,2,,,,,,,,,,,,,,,16,45.8125,70.45835491,0,,,,,,,
70.83860175,3,,,,,,,,,,,,,,,16,45.875,70.55329162,3,,,,,,,
70.93353846,1,,,,,,,,,,,,,,,16,45.9375,70.64822833,1,,,,,,,
71.02847516,0,,,,,,,,,,,,,,,16,46,70.74316504,2,0,,,,,,
71.12341187,3,,,,,,,,,,,,,,,16,46.0625,70.83810175,3,,,,,,,
71.21834858,1,,,,,,,,,,,,,,,16,46.125,70.93303846,1,,,,,,,
71.31328529,3,,,,,,,,,,,,,,,16,46.1875,71.02797516,0,,,,,,,
71.408222,0,,,,,,,,,,,,,,,16,46.25,71.12291187,3,,,,,,,
71.50315871,1,,,,,,,,,,,,,,,16,46.3125,71.21784858,1,,,,,,,
71.59809542,0,,,,,,,,,,,,,,,16,46.375,71.31278529,3,,,,,,,
71.69303213,3,,,,,,,,,,,,,,,16,46.4375,71.407722,0,,,,,,,
71.78796883,0,,,,,,,,,,,,,,,16,46.5,71.50265871,1,,,,,,,
71.88290554,1,,,,,,,,,,,,,,,16,46.5625,71.59759542,0,,,,,,,
71.97784225,2,,,,,,,,,,,,,,,16,46.625,71.69253213,3,,,,,,,
72.07277896,3,,,,,,,,,,,,,,,16,46.6875,71.78746883,0,,,,,,,
72.16771567,0,,,,,,,,,,,,,,,16,46.75,71.88240554,1,,,,,,,
72.26265238,1,,,,,,,,,,,,,,,16,46.8125,71.97734225,2,,,,,,,
72.35758909,3,,,,,,,,,,,,,,,16,46.875,72.07227896,3,,,,,,,
72.4525258,0,,,,,,,,,,,,,,,16,46.9375,72.16721567,0,,,,,,,
72.54746251,1,,,,,,,,,,,,,,,16,47,72.26215238,1,2,,,,,,
72.64239921,3,,,,,,,,,,,,,,,16,47.0625,72.35708909,3,,,,,,,
72.73733592,0,,,,,,,,,,,,,,,16,47.125,72.4520258,0,,,,,,,
72.83227263,3,,,,,,,,,,,,,,,16,47.1875,72.54696251,1,,,,,,,
72.92720934,2,,,,,,,,,,,,,,,16,47.25,72.64189921,3,,,,,,,
73.02214605,3,,,,,,,,,,,,,,,16,47.3125,72.73683592,0,,,,,,,
73.11708276,1,,,,,,,,,,,,,,,16,47.375,72.83177263,3,,,,,,,
73.21201947,0,,,,,,,,,,,,,,,16,47.4375,72.92670934,2,,,,,,,
73.30695618,1,,,,,,,,,,,,,,,16,47.5,73.02164605,3,,,,,,,
73.40189289,3,,,,,,,,,,,,,,,16,47.5625,73.11658276,1,,,,,,,
73.49682959,1,,,,,,,,,,,,,,,16,47.625,73.21151947,0,,,,,,,
73.5917663,2,,,,,,,,,,,,,,,16,47.6875,73.30645618,1,,,,,,,
73.68670301,1,,,,,,,,,,,,,,,16,47.75,73.40139289,3,,,,,,,
73.78163972,0,,,,,,,,,,,,,,,16,47.8125,73.49632959,1,,,,,,,
73.87657643,3,,,,,,,,,,,,,,,16,47.875,73.5912663,2,,,,,,,
73.97151314,1,,,,,,,,,,,,,,,16,47.9375,73.68620301,1,,,,,,,
74.06644985,0,,,,,,,,,,,,,,,16,48,73.78113972,0,2,,,,,,
74.16138656,2,,,,,,,,,,,,,,,16,48.0625,73.87607643,3,,,,,,,
74.25632327,3,,,,,,,,,,,,,,,16,48.125,73.97101314,1,,,,,,,
74.35125997,1,,,,,,,,,,,,,,,16,48.1875,74.06594985,0,,,,,,,
74.44619668,0,,,,,,,,,,,,,,,16,48.25,74.16088656,2,,,,,,,
74.54113339,1,,,,,,,,,,,,,,,16,48.3125,74.25582327,3,,,,,,,
74.6360701,2,,,,,,,,,,,,,,,16,48.375,74.35075997,1,,,,,,,
74.73100681,3,,,,,,,,,,,,,,,16,48.4375,74.44569668,0,,,,,,,
74.82594352,1,,,,,,,,,,,,,,,16,48.5,74.54063339,1,,,,,,,
74.92088023,3,,,,,,,,,,,,,,,16,48.5625,74.6355701,2,,,,,,,
75.01581694,0,,,,,,,,,,,,,,,16,48.625,74.73050681,3,,,,,,,
75.11075365,3,,,,,,,,,,,,,,,16,48.6875,74.82544352,1,,,,,,,
75.20569035,1,,,,,,,,,,,,,,,16,48.75,74.92038023,3,,,,,,,
75.30062706,4,,,,,,,,,,,,,,,16,48.8125,75.01531694,0,,,,,,,
3.908222,3,,,,,,,,,,,,,,,16,48.875,75.11025365,3,,,,,,,
4.287968835,2,,,,,,,,,,,,,,,16,48.9375,75.20519035,1,,,,,,,
4.66771567,3,,,,,,,,,,,,,,,16,49,75.30012706,2,,,,,,,
5.047462506,2,,,,,,,,,,,,,,,,,,,,,,,,,
5.427209341,3,,,,,,,,,,,,,,,,,,,,,,,,,
5.617082759,2,,,,,,,,,,,,,,,,,,,,,,,,,
5.806956177,1,,,,,,,,,,,,,,,,,,,,,,,,,
7.136070101,3,,,,,,,,,,,,,,,,,,,,,,,,,
7.325943519,2,,,,,,,,,,,,,,,,,,,,,,,,,
7.515816936,1,,,,,,,,,,,,,,,,,,,,,,,,,
7.705690354,1,,,,,,,,,,,,,,,,,,,,,,,,,
7.895563772,2,,,,,,,,,,,,,,,,,,,,,,,,,
8.085437189,3,,,,,,,,,,,,,,,,,,,,,,,,,
